name,created,addresses_road_name,addresses_start_street_number,addresses_neighborhood_id,addresses_neighborhood_name,addresses_district_id,addresses_district_name,addresses_zip_code,addresses_town,type_of_contact,phone_number,hotel_Rating,geo_epgs_25831_x,geo_epgs_25831_y,geo_epgs_4326_x,geo_epgs_4326_y,month_created,year_created
Hotel Balmoral ,1984-05-29 22:00:00+00:00,Via Augusta,5,26,Sant Gervasi - Galvany,5,Sarrià-Sant Gervasi,8006,BARCELONA,Centraleta,932178700,4,42937703921294704,4583085639865460,4139620718347950,2155190161506960,5,1984
Hotel Fornos ,1984-05-29 22:00:00+00:00,C Rambla,44,2,el Barri Gòtic,1,Ciutat Vella,8002,BARCELONA,Tel.,933182024,2,43100882773755600,4581225140356750,4137959188566090,21749199534758200,5,1984
Hotel Granvia ,1984-05-29 22:00:00+00:00,G.V. Corts Catalanes,642,7,la Dreta de l'Eixample,2,Eixample,8007,BARCELONA,Tel.,933181900,3,43056889077459200,4582390495894150,4139005003654940,2169525637778740,5,1984
Hotel Nouvel ,1984-05-29 22:00:00+00:00,C Santa Anna,18,2,el Barri Gòtic,1,Ciutat Vella,8002,BARCELONA,Tel.,933018274,3,43073264629176704,4581861958085160,4138530378088550,21715445758064500,5,1984
Hotel Silken Sant Gervasi ,2000-05-17 22:00:00+00:00,C Sant Gervasi de Cassoles,26,25,Sant Gervasi - la Bonanova,5,Sarrià-Sant Gervasi,8022,BARCELONA,Centraleta,932531740,3,42802010219409800,4584043072241010,41404710071918704,21388460431523300,5,2000
BCN Urban Hotels Gran Ronda ,2005-11-16 10:34:34+00:00,Rda Sant Antoni,49,10,Sant Antoni,2,Eixample,8011,BARCELONA,Tel.,933271800,3,4300593508849800,4581630959200870,4138316499424970,21635192734302100,11,2005
Hotel Villa Emilia by Katja & Antoine ,2006-11-13 15:40:51+00:00,C Calàbria,115,9,la Nova Esquerra de l'Eixample,2,Eixample,8015,BARCELONA,Tel.,932525285,4,4292699336251550,4581318792083320,4138028439778810,21541153677803700,11,2006
Hotel  HG City Suites Barcelona ,1997-09-30 22:00:00+00:00,Via Augusta,89,26,Sant Gervasi - Galvany,5,Sarrià-Sant Gervasi,8006,BARCELONA,Tel.,932373940,4,4289507532452850,4583606999690720,41400865323262000,2150030176756050,9,1997
Hotel HCC Taber ,1996-09-16 22:00:00+00:00,C Aragó,256,7,la Dreta de l'Eixample,2,Eixample,8007,BARCELONA,Centraleta,934873887,3,43003490094953400,45824636010707904,4139066219821350,21631307242099900,9,1996
Hotel Evenia Rocafort ,2003-12-03 12:24:03+00:00,C Rocafort,25,10,Sant Antoni,2,Eixample,8015,BARCELONA,Informació,932892400,3,4295222712657840,4580869954517110,4137626400901890,21571850375481800,12,2003
Hotel Curious ,2001-08-03 22:00:00+00:00,C Carme,25,1,el Raval,1,Ciutat Vella,8001,BARCELONA,Tel.,933014484,1,43064273623314600,4581535252255110,41382353495881696,21705067337945400,8,2001
Hotel Renaissance Barcelona ,1996-09-17 22:00:00+00:00,C Pau Claris,122,7,la Dreta de l'Eixample,2,Eixample,8009,BARCELONA,Centraleta,932723810,5,43038376451065000,4582696393871540,41392789157463904,2167276383207320,9,1996
Hotel Holiday Inn Express Barcelona City 22@ ,2013-07-02 12:20:28+00:00,C Pallars,203,68,el Poblenou,10,Sant Martí,8005,BARCELONA,Tel.,934338400,3,4329533693477360,4583648472103420,41401582591546400,21979046757940500,7,2013
Hotel Picasso K + K ,2012-08-09 12:26:46+00:00,Pg Picasso,26,4,"Sant Pere, Santa Caterina i la Ribera",1,Ciutat Vella,8003,BARCELONA,Tel.,935478600,4,43178336404943104,4582000716944710,41386643327597600,21840945753982700,8,2012
H10 Universitat ,2005-01-13 13:24:24+00:00,Rda Universitat,21,7,la Dreta de l'Eixample,2,Eixample,8007,BARCELONA,Tel.,933427850,4,4303244762231960,4582037962283760,4138685374561610,216664300883231,1,2005
Hotel Constanza ,2004-03-23 08:37:23+00:00,C Bruc,33,7,la Dreta de l'Eixample,2,Eixample,8010,BARCELONA,Tel.,932701910,2,43085836792562704,45825626272740000,4139162530580110,2172968114848730,3,2004
Hotel Sunotel Club Central ,2013-10-17 12:11:50+00:00,C València,157,8,l'Antiga Esquerra de l'Eixample,2,Eixample,8011,BARCELONA,Tel.,934520533,4,4295077221343860,45821722698039,4138799224863280,21568595683161,10,2013
BarcelonaGo Hotel & Apartments ,2014-03-25 12:29:44+00:00,C Lepant,143,5,el Fort Pienc,2,Eixample,8013,BARCELONA,Tel.,932317552,2,4318266293638610,4583308708192200,41398427691777104,21844647675363300,3,2014
Hotel Catalonia Gran Via ,2013-01-09 10:55:23+00:00,G.V. Corts Catalanes,550,10,Sant Antoni,2,Eixample,8011,BARCELONA,Tel.,932360000,4,4297998934059460,4581637798080350,4138320399223040,21604157237214200,1,2013
Hotel Ibis Barcelona Centro (Sagrada Familia) ,2013-01-28 12:32:20+00:00,C Nàpols,230,6,la Sagrada Família,2,Eixample,8013,BARCELONA,Tel.,932080536,2,4308283290083510,4583580507338360,4140079043887670,21724925670371000,1,2013
Hotel Regencia Colon ,1996-09-17 22:00:00+00:00,C Sagristans,13,2,el Barri Gòtic,1,Ciutat Vella,8002,BARCELONA,Centraleta,933189858,3,4310764469488770,45818656291196,4138536637388070,2175655693401080,9,1996
Hotel Serhs Carlit ,2004-09-22 08:06:07+00:00,C Diputació,383,7,la Dreta de l'Eixample,2,Eixample,8013,BARCELONA,Centraleta,935052600,3,43110625639086496,4583175701343640,4139716834363270,21758631715778100,9,2004
Hotel HCC Lugano ,2012-06-21 09:22:22+00:00,Av Paral·lel,172,10,Sant Antoni,2,Eixample,8015,BARCELONA,Tel.,935579797,3,42939417353546896,45807553346092704,41375220436346200,21556666785280900,6,2012
Hotel Catalonia Catedral ,2012-06-07 08:13:08+00:00,C Arcs,10,2,el Barri Gòtic,1,Ciutat Vella,8002,BARCELONA,Tel.,933436775,4,43097701192972400,4581796292775950,4138473335697830,21744744411202500,6,2012
Hotel Zenit Borrell ,2004-10-27 14:40:22+00:00,C Comte Borrell,208,9,la Nova Esquerra de l'Eixample,2,Eixample,8029,BARCELONA,Tel.,934525566,4,4290528616015620,4581954786830960,4138599346732160,2151445135952770,10,2004
HCC Hotel St. Moritz ,1996-09-17 22:00:00+00:00,C Diputació,262,7,la Dreta de l'Eixample,2,Eixample,8007,BARCELONA,Centraleta,934121500,4,43043906901506704,4582493701860490,4139096836219780,2167961127610150,9,1996
Hotel Toledano ,1996-09-16 22:00:00+00:00,C Rambla,138,2,el Barri Gòtic,1,Ciutat Vella,8002,BARCELONA,Centraleta,933010872,1,430656744033181,4581844702237990,4138514182378770,2170638831395400,9,1996
Hotel H10 Raco del Pi ,2002-02-12 23:00:00+00:00,C Pi,7,2,el Barri Gòtic,1,Ciutat Vella,8002,BARCELONA,Tel.,933426190,3,43093196039907200,4581643401258840,4138335244260380,21739531000240000,2,2002
Hotel Continental Palacete ,2002-03-27 23:00:00+00:00,Rbla Catalunya,30,7,la Dreta de l'Eixample,2,Eixample,8007,BARCELONA,Tel.,934457657,3,43023902198682800,4582361282111290,41389758375212496,21655838001642000,3,2002
Hotel Mosaic ,1996-09-16 22:00:00+00:00,Rbla Catalunya,84,7,la Dreta de l'Eixample,2,Eixample,8008,BARCELONA,Tel.,935220420,3,4299093761231200,4582686504870020,4139265888766850,2161603650491460,9,1996
Hotel Catalonia La Pedrera ,2001-03-20 23:00:00+00:00,C Còrsega,368,7,la Dreta de l'Eixample,2,Eixample,8037,BARCELONA,Tel.,932081919,4,4299818652787120,4583358929325400,4139872149598450,21623928970808000,3,2001
Hotel Sansi Pedralbes ,2000-03-14 23:00:00+00:00,Av Pearson,1,21,Pedralbes,4,Les Corts,8034,BARCELONA,Centraleta,932063880,4,42572740873114600,4582843735443350,4139369966517080,21115669344893900,3,2000
Hotel Attica21 Barcelona Mar ,2000-06-29 22:00:00+00:00,Carrer de Provençals,10,69,Diagonal Mar i el Front Marítim del Poblenou,10,Sant Martí,8019,Barcelona,Centraleta,932665200,4,43415326760828800,4584063983286740,414054241634595,2212212839257970,6,2000
Hotel Via Augusta ,1996-09-16 22:00:00+00:00,Via Augusta,63,26,Sant Gervasi - Galvany,5,Sarrià-Sant Gervasi,8006,BARCELONA,Tel.,932179250,2,4290663031409370,4583520075562790,41400092633075800,215142255178438,9,1996
Axel Hotel Barcelona ,2003-06-12 10:27:21+00:00,C Aribau,33,8,l'Antiga Esquerra de l'Eixample,2,Eixample,8011,BARCELONA,Tel.,933239393,4,4298026572797860,4582113689436880,4138749042755240,21603936374778900,6,2003
Hotel Catalonia Born ,2002-10-17 10:19:54+00:00,C Rec Comtal,16,4,"Sant Pere, Santa Caterina i la Ribera",1,Ciutat Vella,8003,BARCELONA,Tel.,932688600,4,4314394403211850,4582351359453650,4138977222254950,21799417919562400,10,2002
Hotel Exe Laietana Palace ,2000-11-24 23:00:00+00:00,Via Laietana,17,2,el Barri Gòtic,1,Ciutat Vella,8003,BARCELONA,Tel.,932687940,4,4313821700217450,4581645725327830,4138341189946300,21793367675769900,11,2000
Hotel Royal Passeig de Gracia ,2013-05-30 11:21:52+00:00,Pg Gràcia,84,7,la Dreta de l'Eixample,2,Eixample,8008,BARCELONA,Tel.,937370010,4,42998209537162704,4582901611786530,41394602616035296,21624485304693800,5,2013
Hotel Barbara ,1996-09-17 22:00:00+00:00,C Marquès de Barberà,22,1,el Raval,1,Ciutat Vella,8001,BARCELONA,Tel.,933298453,1,4307257575300250,4581030091202720,4137781081503080,21715572901434400,9,1996
Gallery Hotel ,1996-09-17 22:00:00+00:00,C Rosselló,249,7,la Dreta de l'Eixample,2,Eixample,8008,BARCELONA,Centraleta,934159911,4,42972217988837104,4582945277306630,4139497322447990,21593346845910000,9,1996
Hotel Gran Derby Suite ,1996-09-17 22:00:00+00:00,C Loreto,28,19,les Corts,4,Les Corts,8029,BARCELONA,Tel.,934452544,4,4282891379279790,4582412595202700,4139004905469850,21422574919190100,9,1996
Hotel Coronado ,1996-09-17 22:00:00+00:00,C Nou de la Rambla,134,11,el Poble-sec,3,Sants-Montjuïc,8004,BARCELONA,Tel.,934423448,1,4304438093726630,4580541230917040,41373383475582200,21682419408357400,9,1996
Hotel Guitart Grand Passage ,1996-09-17 22:00:00+00:00,C Muntaner,212,8,l'Antiga Esquerra de l'Eixample,2,Eixample,8036,BARCELONA,Tel.,932010306,4,42897222520632200,45828031845361296,41393627560185000,2150381312096250,9,1996
Hotel Aneto ,1996-09-16 22:00:00+00:00,C Carme,38,1,el Raval,1,Ciutat Vella,8001,BARCELONA,Tel.,933019989,1,4305826158237500,4581505657531600,41382081760307104,2169791173399840,9,1996
"Alexandra Barcelona, Curio Collection by Hilton Hotel ",1996-09-17 22:00:00+00:00,C Mallorca,251,7,la Dreta de l'Eixample,2,Eixample,8008,BARCELONA,Centraleta,934677166,4,42990510015151800,4582749674252850,41393227459906600,2161545197119740,9,1996
Hotel Europark ,1996-09-16 22:00:00+00:00,C Aragó,325,7,la Dreta de l'Eixample,2,Eixample,8009,BARCELONA,Tel.,934579205,3,43062568507888496,4583087462106150,4139633228550630,21701250555183800,9,1996
HCC Hotel Regente ,1996-09-17 22:00:00+00:00,Rbla Catalunya,76,7,la Dreta de l'Eixample,2,Eixample,8008,BARCELONA,Centraleta,934875989,4,4299581546589910,4582638782345720,41392233316747696,2162192579213950,9,1996
Hotel Od Barcelona ,2017-10-09 14:19:21+00:00,C Aragó,300,7,la Dreta de l'Eixample,2,Eixample,8009,BARCELONA,Tel.,932150899,5,43038969342916400,4582811756747280,4139382870585040,2167334035650640,10,2017
Monument Hotel ,1997-04-04 22:00:00+00:00,Pg Gràcia,75,7,la Dreta de l'Eixample,2,Eixample,8008,BARCELONA,Tel.,935482000,4,42996328356952496,45828291394896496,4139394824496010,21622319089518400,4,1997
Hotel Continental ,1996-09-16 22:00:00+00:00,C Rambla,138,2,el Barri Gòtic,1,Ciutat Vella,8002,BARCELONA,Tel.,934457657,3,430656744033181,4581844702237990,4138514182378770,2170638831395400,9,1996
Hotel Catalonia Roma ,1996-09-17 22:00:00+00:00,Av Roma,31,9,la Nova Esquerra de l'Eixample,2,Eixample,8029,BARCELONA,Centraleta,934106633,3,42858210027301504,4581505921112330,4138190904234010,21458681566479800,9,1996
Angli,1998-06-19 22:00:00+00:00,C Anglí,78,23,Sarrià,5,Sarrià-Sant Gervasi,8017,BARCELONA,Tel.,934178439,2,4265851961326470,45840470378939,4140461603273170,21216805328216300,6,1998
Hotel Ilunion Bel Art ,2001-05-17 22:00:00+00:00,C Lepant,406,33,el Baix Guinardó,7,Horta-Guinardó,8025,BARCELONA,Tel.,934335440,4,4305894231144130,4584623805115180,4141016647281280,2169515153338360,5,2001
Hotel Medicis ,1996-09-16 22:00:00+00:00,C Castillejos,340,33,el Baix Guinardó,7,Horta-Guinardó,8025,BARCELONA,Tel.,934500053,2,4308910481745120,4584673660690830,41410641495579904,2173117986404860,9,1996
Hotel Casa Fuster ,2004-04-30 12:26:49+00:00,Pg Gràcia,132,31,la Vila de Gràcia,6,Gràcia,8008,BARCELONA,Tel.,932553000,5,4296160488488650,458328414397895,4139801599366710,21580258846925400,4,2004
Hotel Ibis Meridiana ,2001-09-25 22:00:00+00:00,Pg Andreu Nin,9,45,Porta,8,Nou Barris,8016,BARCELONA,Centraleta,932768310,2,4316286784524920,4587419264081520,4143543328264800,2181632363244140,9,2001
Hotel Adagio ,1996-09-17 22:00:00+00:00,C Ferran,21,2,el Barri Gòtic,1,Ciutat Vella,8002,BARCELONA,Tel.,933189061,2,431023403560914,4581395462697320,4138112717867020,2175074865398340,9,1996
Hotel Turo de Vilana ,1997-02-11 23:00:00+00:00,C Vilana,7,25,Sant Gervasi - la Bonanova,5,Sarrià-Sant Gervasi,8017,BARCELONA,Centraleta,934340363,4,4271841793079990,4584074015760300,41404913486886400,21288425994189100,2,1997
Hotel The One Barcelona ,2017-03-03 12:52:48+00:00,C Provença,277,7,la Dreta de l'Eixample,2,Eixample,8037,BARCELONA,Tel.,932142070,5,43004451872901504,4583074692111000,4139616692342450,2163175165083870,3,2017
Hotel Espana ,1996-09-17 22:00:00+00:00,C Sant Pau,9,1,el Raval,1,Ciutat Vella,8001,BARCELONA,Tel.,935500000,4,4308359554091630,458127007688283,4137998177436280,21728476146789200,9,1996
Hotel El Palace ,1996-09-17 22:00:00+00:00,G.V. Corts Catalanes,668,7,la Dreta de l'Eixample,2,Eixample,8010,BARCELONA,Tel.,935101130,5,43074242305296800,4582560368272310,413915949839644,21715816471876400,9,1996
Hotel Colon ,1996-09-16 22:00:00+00:00,Av Catedral,7,2,el Barri Gòtic,1,Ciutat Vella,8002,BARCELONA,Tel.,933011404,4,4310831918937130,4581814834616660,41384909460853800,21757421345687900,9,1996
Aparthotel Augusta ,1996-09-17 22:00:00+00:00,C Lincoln,32,27,el Putxet i el Farró,5,Sarrià-Sant Gervasi,8006,BARCELONA,Centraleta,932183355,3,42880895660501504,4583691851833310,4140161701101280,2148324049458060,9,1996
Hotel Casa Maca Guest House 3 ,2015-07-30 16:37:26+00:00,C Bruc,146,7,la Dreta de l'Eixample,2,Eixample,8037,BARCELONA,Tel.,644200680,1,4302610455980110,4583204502889440,4139735489190890,2165750098645870,7,2015
Hotel Ambit Barcelona ,2015-07-31 07:44:41+00:00,C Roger de Llúria,17,7,la Dreta de l'Eixample,2,Eixample,8010,BARCELONA,Tel.,937075150,4,4307572559265160,4582474306115040,4139082112660410,21717688902759200,7,2015
Hotel Derby ,1996-09-17 22:00:00+00:00,C Loreto,21,19,les Corts,4,Les Corts,8029,BARCELONA,Centraleta,933223215,4,42826613815732600,4582385377463380,4138980186410710,2141985641711950,9,1996
Hotel Everest ,1996-09-17 22:00:00+00:00,Trav Gràcia,441,33,el Baix Guinardó,7,Horta-Guinardó,8025,BARCELONA,Tel.,934369800,1,43090611601273600,45847488079612096,4141131961651870,21732896725799000,9,1996
Hotel The Wittmore ,2017-02-22 13:21:59+00:00,C Riudarenes,7,2,el Barri Gòtic,1,Ciutat Vella,8002,BARCELONA,Tel.,935500885,5,43141071379880496,4581378120945380,4138100409728870,21797084056335700,2,2017
Hotel Ronda House ,1996-09-16 22:00:00+00:00,C Sant Erasme,19,1,el Raval,1,Ciutat Vella,8001,BARCELONA,Centraleta,933290004,3,43010208651324496,4581420467264040,4138127287509110,21640546140368300,9,1996
Hotel Front Maritim ,2001-02-19 23:00:00+00:00,Pg Garcia Fària,69,69,Diagonal Mar i el Front Marítim del Poblenou,10,Sant Martí,8019,BARCELONA,Tel.,933034440,4,4343103941115930,45839115628037600,4140406420436560,2214109065509760,2,2001
Hotel Catalonia Castellnou ,1988-01-28 23:00:00+00:00,C Castellnou,61,24,les Tres Torres,5,Sarrià-Sant Gervasi,8017,BARCELONA,Centraleta,932030550,3,4271573957705010,458313927987135,41396492299757000,21286346704476500,1,1988
Hotel Acta Azul ,1996-09-17 22:00:00+00:00,G.V. Corts Catalanes,327,15,Hostafrancs,3,Sants-Montjuïc,8014,BARCELONA,Centraleta,934255161,3,4285823234804700,4580518517750590,4137301587166660,2145987172189590,9,1996
Eurostars Grand Marina Hotel ,2002-02-10 23:00:00+00:00,Moll Barcelona,1,1,el Raval,1,Ciutat Vella,8039,BARCELONA,Tel.,936039000,5,43143268276736496,4580484449673420,41372956920075400,21800722140573600,2,2002
Hotel H10 Itaca ,2001-09-17 22:00:00+00:00,Av Roma,22,9,la Nova Esquerra de l'Eixample,2,Eixample,8015,BARCELONA,Tel.,932265594,4,42854707163035600,4581426871876440,4138119396449090,21454585925837700,9,2001
Hotel Condado ,1996-09-16 22:00:00+00:00,C Aribau,201,26,Sant Gervasi - Galvany,5,Sarrià-Sant Gervasi,8021,BARCELONA,Centraleta,932002311,3,4289007478517790,45830359432504400,4139571761482610,2149499078428960,9,1996
Abba Sants Hotel ,2000-09-28 22:00:00+00:00,C Numància,32,18,Sants,3,Sants-Montjuïc,8029,BARCELONA,Centraleta,936003100,4,428095330988024,458158738321412,4138259938483800,2140037535310240,9,2000
Hotel Viladomat ,2001-02-12 23:00:00+00:00,C Viladomat,197,9,la Nova Esquerra de l'Eixample,2,Eixample,8015,BARCELONA,Tel.,932296565,3,4290844713481130,4581699431329540,4138369635783940,21518530491218700,2,2001
Hotel NH Barcelona del Mar ,2001-09-19 22:00:00+00:00,Carrer d'Espronceda,6,69,Diagonal Mar i el Front Marítim del Poblenou,10,Sant Martí,8005,Barcelona,Centraleta,935029700,4,43397075246442000,4583640691379460,41401596709479400,221007561017675,9,2001
Hotel Sir Victor ,2003-11-25 12:25:10+00:00,C Rosselló,265,7,la Dreta de l'Eixample,2,Eixample,8008,BARCELONA,Tel.,932711244,5,4298616445043440,45830831019910800,413962267388646,2160986828869700,11,2003
Hotel Amrey Sant Pau ,2000-01-11 23:00:00+00:00,C Sant Antoni Maria Claret,173,35,el Guinardó,7,Horta-Guinardó,8041,BARCELONA,Tel.,934335151,2,4312926101985740,4585044269159290,41414013868313800,2177880075735890,1,2000
Hotel Bcn Urban Gran Ducat ,2001-04-04 22:00:00+00:00,Rda Sant Pere,15,7,la Dreta de l'Eixample,2,Eixample,8010,BARCELONA,Tel.,933426370,3,43075412700378496,4582246616336010,4138877012728020,217175749736059,4,2001
Hotel Actual ,2002-03-04 23:00:00+00:00,C Rosselló,238,7,la Dreta de l'Eixample,2,Eixample,8008,BARCELONA,Tel.,935520550,3,4298729723983920,458306329918661,4139604936987210,2161124615504910,3,2002
Hotel Astoria ,1996-09-17 22:00:00+00:00,C París,203,8,l'Antiga Esquerra de l'Eixample,2,Eixample,8036,BARCELONA,Centraleta,932098311,3,42923526464186800,4582842004212570,4139400038288800,2153522866045720,9,1996
Barcelona City Hotel ,1996-09-16 22:00:00+00:00,C Aragó,281,7,la Dreta de l'Eixample,2,Eixample,8009,BARCELONA,Tel.,934879762,1,43028035650476304,4582748870338270,4139325283783170,21660335395180200,9,1996
Hotel Acta Antibes ,1996-09-17 22:00:00+00:00,C Diputació,394,5,el Fort Pienc,2,Eixample,8013,BARCELONA,Centraleta,932326211,2,4312928525468220,45833267559081296,4139854480962530,21780779539887000,9,1996
Hotel Four Points By Sheraton Barcelona Diagonal ,2002-05-28 18:22:51+00:00,Av Diagonal,161,68,el Poblenou,10,Sant Martí,8018,BARCELONA,Tel.,934868800,3,4328154126031590,4584074052925440,414054041616984,2196207184661090,5,2002
Hotel Transit ,1996-09-17 22:00:00+00:00,C Rector Triadó,82,15,Hostafrancs,3,Sants-Montjuïc,8014,BARCELONA,Tel.,934246013,1,42834311568386304,4581095523067370,4137819148848140,21430588207123900,9,1996
Hotel Comercio ,1996-09-17 22:00:00+00:00,Nou de Zurbano,7,2,el Barri Gòtic,1,Ciutat Vella,8002,BARCELONA,Centraleta,933187374,1,4310924459287740,4581204433575920,4137941255105410,2175922216231810,9,1996
Hotel NH Sants Barcelona ,1996-09-17 22:00:00+00:00,C Numància,72,19,les Corts,4,Les Corts,8029,BARCELONA,Tel.,933224451,4,4279133667088950,4581812135981980,4138460736320120,213783478351816,9,1996
Hotel Grupotel Gravina ,1996-09-17 22:00:00+00:00,C Gravina,12,1,el Raval,1,Ciutat Vella,8001,BARCELONA,Tel.,933016868,3,43025491393157600,4581882663784880,41385448994083,21658289689529400,9,1996
Hotel Autohogar ,1996-09-17 22:00:00+00:00,Av Paral·lel,64,1,el Raval,1,Ciutat Vella,8001,BARCELONA,Tel.,934439850,3,4305433023639410,4580740504992110,4137518687076350,21694087331015300,9,1996
Hotel Caledonian ,1996-09-17 22:00:00+00:00,G.V. Corts Catalanes,574,10,Sant Antoni,2,Eixample,8011,BARCELONA,Tel.,934530200,3,42992167019715504,4581757361938770,4138429148121350,21618581804142000,9,1996
Hotel Call ,1996-09-17 22:00:00+00:00,C Arc de Sant Ramon del Call,4,2,el Barri Gòtic,1,Ciutat Vella,8002,BARCELONA,Tel.,933021123,1,4310779860038000,4581524491449140,4138229398019570,2175712903472000,9,1996
Hotel California ,1996-09-17 22:00:00+00:00,C Rauric,14,2,el Barri Gòtic,1,Ciutat Vella,8002,BARCELONA,Tel.,933177766,3,4310438993647710,4581380195850510,4138099143150900,21753216976795300,9,1996
Hotel Atlantis by Atbcn ,1996-09-17 22:00:00+00:00,C Pelai,20,1,el Raval,1,Ciutat Vella,8001,BARCELONA,Centraleta,933189012,3,43029784350843600,4581910751519640,41385705692044704,21663391352924500,9,1996
Hotel Monegal ,1996-09-17 22:00:00+00:00,C Pelai,62,1,el Raval,1,Ciutat Vella,8001,BARCELONA,Tel.,933026566,2,43057719180027600,4581874978926210,4138540765528620,2169683995090580,9,1996
Hotel NH Barcelona Stadium ,1996-09-17 22:00:00+00:00,Trav Corts,150,20,la Maternitat i Sant Ramon,4,Les Corts,8028,BARCELONA,Tel.,933399050,4,42701205754404496,4581473859089910,4138147937447120,21270969524414000,9,1996
Expo Hotel Barcelona ,1996-09-17 22:00:00+00:00,C Mallorca,1,15,Hostafrancs,3,Sants-Montjuïc,8014,BARCELONA,Tel.,936003020,4,4283347077414830,4581208806959850,41379211046363696,2142944885907320,9,1996
Hotel Prisma ,1996-09-17 22:00:00+00:00,Av Josep Tarradellas,119,19,les Corts,4,Les Corts,8029,BARCELONA,Tel.,934394207,2,4283496783610040,4582311904197980,41389147564538600,21429934561998300,9,1996
Hotel Garbi Millenni ,2001-01-25 23:00:00+00:00,Rda Sant Pau,14,1,el Raval,1,Ciutat Vella,8001,BARCELONA,Tel.,934414177,4,43034024131913200,4580834519032570,4137601607509090,2166969888839460,1,2001
Hotel Onix Fira ,1996-09-17 22:00:00+00:00,C Llança,30,9,la Nova Esquerra de l'Eixample,2,Eixample,8015,BARCELONA,Centraleta,934260087,3,42890925720875800,4580955088557710,4137697686038280,2149845033494450,9,1996
Hotel Exe Mitre ,1997-06-16 22:00:00+00:00,C Bertran,9,27,el Putxet i el Farró,5,Sarrià-Sant Gervasi,8023,BARCELONA,Tel.,932121104,3,4281676587531080,4584078423927630,4140504166810330,21406069958015800,6,1997
Hotel,2011-02-14 12:53:42+00:00,C Pujades,120,68,el Poblenou,10,Sant Martí,8005,BARCELONA,Tel.,934864390,4,432778214131114,4583240039052520,41397889322879696,2195854798278470,2,2011
Hotel Laumon ,2011-06-21 09:42:22+00:00,C Monlau,8,61,la Sagrera,9,Sant Andreu,8027,BARCELONA,Tel.,932435279,3,43236455558451104,4586057763496070,4142323301864300,2190591894128530,6,2011
Hotel Ohla ,2011-03-15 11:15:47+00:00,Via Laietana,49,2,el Barri Gòtic,1,Ciutat Vella,8003,BARCELONA,Tel.,933415050,5,43096924795151504,4582057950220980,41387089359953296,21743517783955900,3,2011
Hotel Cuatro Naciones ,1996-09-16 22:00:00+00:00,C Rambla,40,2,el Barri Gòtic,1,Ciutat Vella,8002,BARCELONA,Centraleta,933173624,2,4310295595431840,4581190001703960,4137927717941230,21751718638200000,9,1996
Hotel Royal Ramblas ,1996-09-16 22:00:00+00:00,C Rambla,117,1,el Raval,1,Ciutat Vella,8002,BARCELONA,Tel.,933019400,4,43065137110297296,4581759502068350,41384373989160896,2170584328337650,9,1996
Hotel Paseo de Gracia ,1996-09-17 22:00:00+00:00,Pg Gràcia,102,7,la Dreta de l'Eixample,2,Eixample,8008,BARCELONA,Tel.,932150603,1,4298641604908880,4583030356506140,4139575189818470,21610230318551400,9,1996
Hotel Gotico ,1998-03-27 23:00:00+00:00,C Jaume I,14,2,el Barri Gòtic,1,Ciutat Vella,8002,BARCELONA,Tel.,933152211,4,43129019491392000,4581655470214040,4138349181893130,21782357567822900,3,1998
Hotel Sant Agusti ,1996-09-17 22:00:00+00:00,Pl Sant Agustí,3,1,el Raval,1,Ciutat Vella,8001,BARCELONA,Centraleta,933181658,3,4307330443968080,4581332969247900,41380539374216200,21716098075677000,9,1996
Aparthotel Mariano Cubi ,1988-03-23 23:00:00+00:00,C Marià Cubí,62,26,Sant Gervasi - Galvany,5,Sarrià-Sant Gervasi,8006,BARCELONA,Tel.,932099699,4,428897667823549,4583311216564580,41398196625069200,21494299143295100,3,1988
Hotel Lyon ,1996-09-17 22:00:00+00:00,C General Castaños,6,4,"Sant Pere, Santa Caterina i la Ribera",1,Ciutat Vella,8003,BARCELONA,Tel.,932689060,1,4318360316145680,4581620128669450,4138321993965870,21847672630298800,9,1996
Hotel Tres Torres Atiram ,2001-05-18 22:00:00+00:00,C Calatrava,32,24,les Tres Torres,5,Sarrià-Sant Gervasi,8017,BARCELONA,Tel.,934177300,3,4272751255442440,4583519905184000,413999310853673,21299971158177400,5,2001
Hotel Acta Splendid ,1999-06-11 22:00:00+00:00,C Muntaner,2,10,Sant Antoni,2,Eixample,8011,BARCELONA,Centraleta,934512142,3,4300207552395930,4581730030226020,4138405393847890,2163046279909770,6,1999
Euro Hotel Barcelona Diagonal Port ,2001-01-25 23:00:00+00:00,Carrer de Lope de Vega,4,69,Diagonal Mar i el Front Marítim del Poblenou,10,Sant Martí,8005,Barcelona,Tel.,932302000,4,4338659965020300,4583539919341890,41400680471055296,22088335117523800,1,2001
Hotel Travessera ,1998-07-31 22:00:00+00:00,Trav Dalt,121,30,la Salut,6,Gràcia,8024,BARCELONA,Tel.,932132454,2,4297112095926220,4584871882515060,41412324492675200,21589797507660500,7,1998
Hotel Boutique Hostemplo ,2015-11-11 10:45:37+00:00,Ptge Gaiolà,19,6,la Sagrada Família,2,Eixample,8013,BARCELONA,Tel.,934765575,3,4309030112724960,4583630373867250,41401245991816304,21733802173074900,11,2015
Hotel NH Barcelona Eixample ,1996-09-17 22:00:00+00:00,C València,105,8,l'Antiga Esquerra de l'Eixample,2,Eixample,8011,BARCELONA,Tel.,933236215,3,42928709432425200,4581956594862390,413860303754122,21542461443874300,9,1996
Hotel Barcelona Catedral ,2006-12-04 10:12:13+00:00,C Capellans,4,2,el Barri Gòtic,1,Ciutat Vella,8002,BARCELONA,Tel.,933042255,4,43102585745311200,4581804914701780,4138481520145630,2175057601445800,12,2006
Hotel Avenida Palace ,1996-09-17 22:00:00+00:00,G.V. Corts Catalanes,605,7,la Dreta de l'Eixample,2,Eixample,8007,BARCELONA,Centraleta,933019600,4,4303899315352650,4582287692860430,4138910865511270,216739711404861,9,1996
Hotel Silken Ramblas ,1996-09-17 22:00:00+00:00,C Pintor Fortuny,13,1,el Raval,1,Ciutat Vella,8001,BARCELONA,Tel.,933426180,4,43060388059588896,4581608051536640,4138300582600390,21700337407342300,9,1996
Hotel Balmes ,1996-09-17 22:00:00+00:00,C Mallorca,216,8,l'Antiga Esquerra de l'Eixample,2,Eixample,8008,BARCELONA,Centraleta,934456500,4,4297097900960940,4582527251382340,41391207128320800,215923500979415,9,1996
Hotel Banys Orientals ,1996-09-17 22:00:00+00:00,C Argenteria,37,4,"Sant Pere, Santa Caterina i la Ribera",1,Ciutat Vella,8003,BARCELONA,Tel.,932688460,3,4314436024158640,4581688159926160,4138379933297750,2180066620137650,9,1996
Hotel Urquinaona ,1998-04-03 22:00:00+00:00,Rda Sant Pere,24,7,la Dreta de l'Eixample,2,Eixample,8010,BARCELONA,Tel.,932681336,1,43095526003606200,4582308547772850,41389345214488800,21741559288787000,4,1998
Hotel Hilton Barcelona ,1996-09-17 22:00:00+00:00,Av Diagonal,589,19,les Corts,4,Les Corts,8014,BARCELONA,Centraleta,934957777,4,4273798327908880,4582296645139950,41388923156341296,2131396273149400,9,1996
Gran Hotel Havana ,1996-09-17 22:00:00+00:00,G.V. Corts Catalanes,647,7,la Dreta de l'Eixample,2,Eixample,8010,BARCELONA,Tel.,933417000,4,4307964635018800,4582686134056360,41392732367978304,21722136121381000,9,1996
Hotel Turin ,1996-09-17 22:00:00+00:00,C Pintor Fortuny,9,1,el Raval,1,Ciutat Vella,8001,BARCELONA,Centraleta,933024812,3,4306161014749210,4581618515437030,4138310112516650,2170178687546500,9,1996
Hotel Oasis ,1996-09-17 22:00:00+00:00,Pla Palau,17,4,"Sant Pere, Santa Caterina i la Ribera",1,Ciutat Vella,8003,BARCELONA,Tel.,933194396,2,4318311036729790,4581568300174280,413827527171537,2184714161998720,9,1996
Hotel NH Les Corts ,1996-09-17 22:00:00+00:00,Trav Corts,292,19,les Corts,4,Les Corts,8029,BARCELONA,Tel.,933220811,3,427805680685848,4582137812780960,4138753095003230,21365081765209500,9,1996
Hotel Cortes ,1996-09-17 22:00:00+00:00,C Santa Anna,25,2,el Barri Gòtic,1,Ciutat Vella,8002,BARCELONA,Tel.,933179112,2,4307430721854830,4581885921853440,41385520512782096,2171666520341020,9,1996
Hotel Moderno ,1996-09-17 22:00:00+00:00,C Hospital,11,1,el Raval,1,Ciutat Vella,8001,BARCELONA,Centraleta,933014224,3,43082650947616096,458139090370159,4138106921337750,2172720867502440,9,1996
Hotel Arc La Rambla ,1996-09-16 22:00:00+00:00,C Rambla,19,1,el Raval,1,Ciutat Vella,8002,BARCELONA,Tel.,933019798,3,43106296224370800,4581066518916080,4137816786818190,217558533778509,9,1996
Hotel Miramar ,2004-07-16 12:22:23+00:00,Pl Carlos Ibáñez,3,11,el Poble-sec,3,Sants-Montjuïc,8038,BARCELONA,Tel.,932811600,5,43067421519094400,4580254997758890,4137082533668780,2171029603858890,7,2004
Hotel Room Mate Carla ,2007-05-04 11:05:01+00:00,C Mallorca,288,7,la Dreta de l'Eixample,2,Eixample,8037,BARCELONA,Reserves,900818320,4,43028901334877000,4583095762955940,4139637793333200,21660971468880600,5,2007
Abba Rambla Hotel ,2005-07-21 12:45:56+00:00,Rbla Raval,4,1,el Raval,1,Ciutat Vella,8001,BARCELONA,Tel.,935055400,3,43042216244332304,4581217412311950,41379471765076200,2167905493015960,7,2005
Hotel Boutique H10 Catalunya Plaza ,1996-09-17 22:00:00+00:00,Pl Catalunya,7,7,la Dreta de l'Eixample,2,Eixample,8002,BARCELONA,Tel.,933177171,3,4304866446434790,45820541351593200,413870134395621,2168580579042270,9,1996
Hotel Rialto ,1996-09-17 22:00:00+00:00,C Ferran,42,2,el Barri Gòtic,1,Ciutat Vella,8002,BARCELONA,Reserves,932689070,3,4311424333814840,4581503717665020,41382112395146896,21764859594212700,9,1996
Hotel Meson de Castilla Atiram ,1996-09-17 22:00:00+00:00,C Valldonzella,5,1,el Raval,1,Ciutat Vella,8001,BARCELONA,Tel.,933182182,2,4303132123812960,458180327457165,4138473901311320,21665352954464100,9,1996
Best Western Plus Hotel Alfa Aeropuerto ,1996-11-24 23:00:00+00:00,C K Zona Franca,2,12,la Marina del Prat Vermell,3,Sants-Montjuïc,8040,BARCELONA,Centraleta,933362564,4,4257836857818410,4575604465157510,4132850372104670,21131257319079100,11,1996
Hotel Colors ,2000-06-09 22:00:00+00:00,C Campoamor,79,43,Horta,7,Horta-Guinardó,8031,BARCELONA,Centraleta,932749920,1,4293083289682440,4587430515495150,41435333715684704,2153860582109360,6,2000
Hotel Novotel Barcelona City ,2009-10-15 16:12:54+00:00,Av Diagonal,199,66,el Parc i la Llacuna del Poblenou,10,Sant Martí,8018,BARCELONA,Tel.,933262499,4,43238761678703600,45839347181990400,4140411334876110,21911051109272400,10,2009
Hotel Catalonia Eixample 1864 ,2003-03-12 16:28:13+00:00,C Roger de Llúria,60,7,la Dreta de l'Eixample,2,Eixample,8009,BARCELONA,Centraleta,932720050,4,4304824535327330,4582787360004380,4139361699600460,21684463036144400,3,2003
Hotel Sagrada Familia ,2004-11-16 12:51:03+00:00,C Còrsega,541,6,la Sagrada Família,2,Eixample,8025,BARCELONA,Centraleta,934366115,3,43075752557917400,4584149711772580,4140591097677740,21715805115555300,11,2004
Hotel America ,2001-07-06 22:00:00+00:00,C Provença,195,8,l'Antiga Esquerra de l'Eixample,2,Eixample,8008,BARCELONA,Tel.,934876292,4,429549410639473,458260065563279,4139185422254020,2157308317484880,7,2001
Hotel Two by Axel ,2015-06-29 12:30:51+00:00,C Calàbria,90,10,Sant Antoni,2,Eixample,8015,BARCELONA,Tel.,935392313,4,42943179107966200,4581184364429230,4137908786510450,21560665268392400,6,2015
Hotel Ingles ,1984-05-29 22:00:00+00:00,C Boqueria,19,2,el Barri Gòtic,1,Ciutat Vella,8002,BARCELONA,Tel.,933173770,1,43093254843563696,4581437446269010,41381497518093600,21739836073152500,5,1984
Hotel NH Collection Barcelona Podium ,1996-09-17 22:00:00+00:00,C Bailèn,4,7,la Dreta de l'Eixample,2,Eixample,8010,BARCELONA,Tel.,932650202,4,4312540850776210,4582572421259130,4139174743833100,2177699871910960,9,1996
Hotel Flor Parks ,1999-06-18 22:00:00+00:00,C Rambla,70,2,el Barri Gòtic,1,Ciutat Vella,8002,BARCELONA,Tel.,933429760,3,430928567491827,4581352282099410,41380730127971400,2173945708810750,6,1999
Park Hotel ,1996-09-17 22:00:00+00:00,Av Marquès de l'Argentera,11,4,"Sant Pere, Santa Caterina i la Ribera",1,Ciutat Vella,8003,BARCELONA,Tel.,933196000,3,43180410290163400,4581735287539140,4138425443779290,21843724753789200,9,1996
Hotel Catalonia Diagonal Centro ,1996-09-17 22:00:00+00:00,C Balmes,142,7,la Dreta de l'Eixample,2,Eixample,8008,BARCELONA,Centraleta,934159090,4,4295098199765820,4582828208404510,4139390024070430,2156808319586470,9,1996
Hotel Rey Juan Carlos I ,1996-09-17 22:00:00+00:00,Av Diagonal,661,20,la Maternitat i Sant Ramon,4,Les Corts,8028,BARCELONA,Tel.,933644040,5,4254865763728200,4581483379664180,4138142529046890,21088538068319000,9,1996
Hotel Melia Barcelona Sky ,2003-10-20 07:49:42+00:00,C Pere IV,272,68,el Poblenou,10,Sant Martí,8005,BARCELONA,Tel.,933672050,4,4331864009803290,4584168772075230,41406288190178896,2200634797754350,10,2003
Hotel Soho ,2005-01-05 12:55:50+00:00,G.V. Corts Catalanes,543,8,l'Antiga Esquerra de l'Eixample,2,Eixample,8011,BARCELONA,Tel.,935529610,3,4297576928097190,4581668889768150,4138348034132370,21599074577043200,1,2005
Hotel Iberostar Paseo de Gracia ,2018-07-10 10:15:22+00:00,Pl Catalunya,10,7,la Dreta de l'Eixample,2,Eixample,8002,BARCELONA,Tel.,900811676,4,43055228798589104,4582148599251040,4138786991751780,2169354802486350,7,2018
Aparthotel Bertran ,1996-09-16 22:00:00+00:00,C Bertran,150,27,el Putxet i el Farró,5,Sarrià-Sant Gervasi,8023,BARCELONA,Centraleta,932127550,3,4281014272690960,4584674905097220,41410408003866200,2139743831333810,9,1996
NH Collection Barcelona Gran Hotel Calderon ,1996-09-16 22:00:00+00:00,Rbla Catalunya,26,7,la Dreta de l'Eixample,2,Eixample,8007,BARCELONA,Tel.,933010000,5,4302829715687350,45823174535480000,4138936743631290,21661144753718200,9,1996
Hotel Hesperia Barcelona Presidente ,1996-09-17 22:00:00+00:00,Av Diagonal,570,26,Sant Gervasi - Galvany,5,Sarrià-Sant Gervasi,8021,BARCELONA,Centraleta,932002111,4,42885655731813904,4582861240945440,4139414022868590,21489910442692200,9,1996
Hotel Jazz ,2004-03-04 15:01:16+00:00,C Pelai,3,7,la Dreta de l'Eixample,2,Eixample,8001,BARCELONA,Tel.,935529696,3,430259030880152,4581937675248900,4138594482150710,2165871871325040,3,2004
Hotel Vilamari ,2002-11-23 13:09:00+00:00,C Vilamarí,34,10,Sant Antoni,2,Eixample,8015,BARCELONA,Centraleta,932890909,4,42912711109715904,4580922998916690,41376707056594896,21524537675316400,11,2002
Hotel Lloret Ramblas ,1996-09-16 22:00:00+00:00,C Rambla,125,1,el Raval,1,Ciutat Vella,8002,BARCELONA,Tel.,933173366,1,43062135338369400,4581813308537100,41384856019140400,2170219188630120,9,1996
Hotel Cotton House ,2015-06-02 07:44:04+00:00,G.V. Corts Catalanes,670,7,la Dreta de l'Eixample,2,Eixample,8010,BARCELONA,Tel.,934505045,5,4307639148397720,4582581341072090,41391785729674600,2171836296038710,6,2015
Hotel Sansi Diputacio ,2003-06-18 10:58:42+00:00,C Diputació,234,7,la Dreta de l'Eixample,2,Eixample,8007,BARCELONA,Tel.,933040707,4,4301470299130790,4582206554602040,4138835681196830,2164501431031270,6,2003
Hotel Catalonia Park Guell ,1996-10-22 22:00:00+00:00,Pg Mare de Déu del Coll,10,29,el Coll,6,Gràcia,8023,BARCELONA,Centraleta,932191204,3,42852999901420304,458510969194908,4141436217194450,21448197221746900,10,1996
Hotel H10 Montcada ,2002-10-08 12:35:53+00:00,Via Laietana,24,4,"Sant Pere, Santa Caterina i la Ribera",1,Ciutat Vella,8003,BARCELONA,Tel.,932688570,3,43130906871085800,4581751347282200,4138435696745750,21784505942478200,10,2002
Hotel Annex ,2002-05-11 08:56:11+00:00,C Jaume I,8,2,el Barri Gòtic,1,Ciutat Vella,8002,BARCELONA,Tel.,933106208,1,4312648991651110,45816296674607200,4138325726026670,2177936178383130,5,2002
Hotel Sixtytwo Barcelona ,2002-12-16 12:22:27+00:00,Pg Gràcia,62,7,la Dreta de l'Eixample,2,Eixample,8007,BARCELONA,Tel.,932724180,4,43015134576516200,4582717027622310,4139295484694660,2164494179716710,12,2002
Hotel H10 Cubik ,2015-12-14 11:02:53+00:00,Via Laietana,69,2,el Barri Gòtic,1,Ciutat Vella,8003,BARCELONA,Tel.,933202200,4,4308688249046600,4582170013106950,41388090051656800,2173137991613630,12,2015
Hotel Catalunya ,1996-09-17 22:00:00+00:00,C Santa Anna,24,2,el Barri Gòtic,1,Ciutat Vella,8002,BARCELONA,Centraleta,933019150,2,43075035511549696,4581881978893410,4138548562672450,21717540683013300,9,1996
Hotel Mercure Barcelona Condor ,1996-09-17 22:00:00+00:00,Via Augusta,127,26,Sant Gervasi - Galvany,5,Sarrià-Sant Gervasi,8006,BARCELONA,Tel.,932094511,4,4285495211629760,45835157564961296,4140000797611950,2145241473761360,9,1996
Hotel La Ciudadela ,2015-07-31 07:13:58+00:00,Pg Lluís Companys,2,4,"Sant Pere, Santa Caterina i la Ribera",1,Ciutat Vella,8018,BARCELONA,Tel.,933099557,1,43174624734463400,4582324105781640,41389552849884600,21836142474250500,7,2015
Hotel Claris ,1996-09-17 22:00:00+00:00,C Pau Claris,150,7,la Dreta de l'Eixample,2,Eixample,8009,BARCELONA,Tel.,934876262,5,43019788127762496,4582887095972750,41394490635467200,21650311628824500,9,1996
Hotel Barcelona Apolo ,1996-09-17 22:00:00+00:00,Av Paral·lel,57,11,el Poble-sec,3,Sants-Montjuïc,8004,BARCELONA,Centraleta,933430000,4,43062038762374304,4580694851453620,4137478233227130,2170335682261540,9,1996
Hotel Zenit Barcelona ,1996-09-17 22:00:00+00:00,C Santaló,8,26,Sant Gervasi - Galvany,5,Sarrià-Sant Gervasi,8021,BARCELONA,Centraleta,932411800,4,42868152199987296,4582952189021320,413949438601972,2146886805329930,9,1996
Hotel HCC Montblanc ,2000-10-06 22:00:00+00:00,Via Laietana,61,2,el Barri Gòtic,1,Ciutat Vella,8003,BARCELONA,Centraleta,933435555,3,43090465256394896,4582133285472660,4138776233552520,2173570664320260,10,2000
Hotel Suizo ,1996-09-17 22:00:00+00:00,Pl Àngel,12,2,el Barri Gòtic,1,Ciutat Vella,8002,BARCELONA,Centraleta,933106108,3,43129759683457296,4581691644862510,4138381826558650,217832017276016,9,1996
Hotel Abbot ,1996-09-17 22:00:00+00:00,Av Roma,23,9,la Nova Esquerra de l'Eixample,2,Eixample,8029,BARCELONA,Centraleta,934300405,4,42850940998851400,4581464528500950,4138152977846600,2145003783714930,9,1996
Hotel,2015-07-30 16:16:03+00:00,G.V. Corts Catalanes,558,10,Sant Antoni,2,Eixample,8011,BARCELONA,Tel.,933185150,2,4298271721351850,4581664473825670,4138344663163480,2160738850889610,7,2015
Kiwidestiny Apartaments & Suites ,2015-07-30 16:19:15+00:00,Av Diagonal,578,26,Sant Gervasi - Galvany,5,Sarrià-Sant Gervasi,8021,BARCELONA,Tel.,934143873,3,4287913109567840,4582839622142610,4139393974173920,2148213200212610,7,2015
Hotel Ayre Hotel Rosello ,2015-07-30 16:28:11+00:00,C Rosselló,390,6,la Sagrada Família,2,Eixample,8025,BARCELONA,Tel.,936009200,4,4308587766205500,4584028191978360,41404825203910400,21728056433625100,7,2015
Hotel Bestprice Diagonal ,2015-07-30 16:34:59+00:00,Av Diagonal,70,69,Diagonal Mar i el Front Marítim del Poblenou,10,Sant Martí,8019,BARCELONA,Tel.,935991271,1,4339429485599180,4584530545696040,41409609115510800,22096458952466900,7,2015
Hotel Gaudi ,1996-09-17 22:00:00+00:00,C Nou de la Rambla,12,1,el Raval,1,Ciutat Vella,8001,BARCELONA,Tel.,933179032,3,43093262649280496,4581155292022960,4137895624489910,2174016697616000,9,1996
Aparthotel Acacia ,1996-09-17 22:00:00+00:00,C Comte d'Urgell,194,8,l'Antiga Esquerra de l'Eixample,2,Eixample,8036,BARCELONA,Centraleta,934540737,4,42903331674567800,4582172286704490,4138795068669850,21511859180839100,9,1996
Hotel Casa Sagnier,2008-03-20 11:06:08+00:00,Rbla Catalunya,104,7,la Dreta de l'Eixample,2,Eixample,8008,BARCELONA,Centraleta,935 959 545,5,4297466566710260,4582847002270450,4139409023435550,2159638847196220,3,2008
Aparthotel Napols ,1998-03-27 23:00:00+00:00,C Nàpols,116,5,el Fort Pienc,2,Eixample,8013,BARCELONA,Tel.,932464573,2,4314155834252070,4582978682328450,4139542029617380,21795854259820100,3,1998
Hotel Majestic ,1996-09-17 22:00:00+00:00,Pg Gràcia,68,7,la Dreta de l'Eixample,2,Eixample,8008,BARCELONA,Centraleta,934881717,5,430095911291374,4582777358022260,4139349340602510,2163824195490650,9,1996
Capri by Fraser Hotel Residences ,2008-12-17 10:38:31+00:00,C Sancho de Ávila,32,66,el Parc i la Llacuna del Poblenou,10,Sant Martí,8018,BARCELONA,Tel.,933208735,4,4321954357959240,4583230698027290,41397756260768200,2188884986209940,12,2008
Hotel Ilunion Almirante ,1996-09-17 22:00:00+00:00,Via Laietana,42,4,"Sant Pere, Santa Caterina i la Ribera",1,Ciutat Vella,8003,BARCELONA,Informació i reserves,932683020,4,431118185526504,4581946841335580,4138610140293680,2176145615147850,9,1996
Aparthotel Atenea Barcelona ,1996-09-17 22:00:00+00:00,C Joan Güell,207,19,les Corts,4,Les Corts,8028,BARCELONA,Centraleta,934906640,4,42721899341767504,4582003199968720,41386265679203600,2129507954550700,9,1996
Hotel Oriente Atiram ,1996-09-17 22:00:00+00:00,C Rambla,45,1,el Raval,1,Ciutat Vella,8002,BARCELONA,Centraleta,933022558,3,4309505582989430,4581250330098990,4137981376393020,2174220296291630,9,1996
Hotel Ginebra ,1996-09-17 22:00:00+00:00,Rbla Catalunya,1,7,la Dreta de l'Eixample,2,Eixample,8007,BARCELONA,Tel.,932502017,1,43044356004996000,4582113755568690,4138754669720350,21680584693791200,9,1996
Pol & Grace Hotel ,2000-05-26 22:00:00+00:00,C Guillem Tell,49,27,el Putxet i el Farró,5,Sarrià-Sant Gervasi,8006,BARCELONA,Tel.,934154000,4,4287622710545500,4583710955637150,4140178493638490,21477633499258700,5,2000
Gran Hotel Barcino ,1996-09-17 22:00:00+00:00,C Jaume I,6,2,el Barri Gòtic,1,Ciutat Vella,8002,BARCELONA,Tel.,933022012,4,4312524332888080,4581617404577870,41383145746925296,2177788494005560,9,1996
Hotel Rekord ,1998-04-27 22:00:00+00:00,Muntaner,352,26,Sant Gervasi - Galvany,5,Sarrià-Sant Gervasi,8021,BARCELONA,Tel.,932001953,4,4284312173461750,458335708601877,4139856837231790,2143845119021240,4,1998
Aparthotel Citadines Barcelona Ramblas ,1996-09-17 22:00:00+00:00,C Rambla,122,2,el Barri Gòtic,1,Ciutat Vella,8002,BARCELONA,Centraleta,932701111,3,4307242734059220,4581702853636130,4138387005517160,2171462635664810,9,1996
Hotel  Catalonia  Park Putxet ,1998-01-19 23:00:00+00:00,C Putxet,68,27,el Putxet i el Farró,5,Sarrià-Sant Gervasi,8023,BARCELONA,Tel.,932125158,4,4284700937609010,4584333537503970,41407366339470600,2144194750525620,1,1998
Hotel Reding Croma ,1996-09-17 22:00:00+00:00,C Gravina,5,1,el Raval,1,Ciutat Vella,8001,BARCELONA,Centraleta,934121097,3,4302414390653160,4581869399911540,41385328362299104,21656693493158300,9,1996
Hotel Pere IV ,2003-05-20 09:24:40+00:00,C Pallars,128,66,el Parc i la Llacuna del Poblenou,10,Sant Martí,8018,BARCELONA,Tel.,933209650,4,4324876289732880,4583147719895190,4139703348538710,21923892777719300,5,2003
Hotel Aranea ,2003-05-20 11:59:30+00:00,C Consell de Cent,444,5,el Fort Pienc,2,Eixample,8013,BARCELONA,Tel.,932477474,3,431100964411104,4583328020856750,41398539783459800,21757825400899500,5,2003
Hotel Vincci Maritimo ,2003-04-05 09:47:16+00:00,Carrer de Llull,340,69,Diagonal Mar i el Front Marítim del Poblenou,10,Sant Martí,8019,Barcelona,Tel.,933562600,4,43418226326832304,4584362019386000,414081108740704,2212527298257550,4,2003
Aparthotel Bonanova Suite ,1996-09-17 22:00:00+00:00,C Bisbe Sivilla,7,25,Sant Gervasi - la Bonanova,5,Sarrià-Sant Gervasi,8022,BARCELONA,Centraleta,932531563,3,42779356537533200,4584133813307820,4140550702323450,2136125269204440,9,1996
Hotel Silken Concordia ,2004-04-01 12:45:27+00:00,Av Paral.lel,115,11,el Poble-sec,3,Sants-Montjuïc,8004,BARCELONA,Centraleta,933249180,4,4298543000708640,4580708129165890,4137483551026780,2161173954583210,4,2004
Hotel Melia Barcelona Sarria,1996-09-17 22:00:00+00:00,Av Sarrià,50,19,les Corts,4,Les Corts,8029,BARCELONA,Tel.,934106060,5,42826942209540400,4582526121090860,41391069780547296,21420082494613000,9,1996
Hotel Exe Cristal Palace ,1996-09-17 22:00:00+00:00,C Diputació,257,7,la Dreta de l'Eixample,2,Eixample,8007,BARCELONA,Tel.,933930970,4,4302809935773780,4582368524049290,4138982724010400,2166084940870220,9,1996
Hotel Internacional Rambla Atiram ,1996-09-17 22:00:00+00:00,C Rambla,78,2,el Barri Gòtic,1,Ciutat Vella,8002,BARCELONA,Reserves,935151723,1,43089949376545904,45813963046638000,413811241297046,21735930187947900,9,1996
Hotel Catalonia Atenas ,1996-09-17 22:00:00+00:00,Av Meridiana,151,64,el Camp de l'Arpa del Clot,10,Sant Martí,8026,BARCELONA,Centraleta,932322011,4,432016524237164,4584702393638750,41410996268212800,21865796585930900,9,1996
Hotel Alba ,1996-09-17 22:00:00+00:00,C Hospital,83,1,el Raval,1,Ciutat Vella,8001,BARCELONA,Tel.,934428367,3,4306034186618990,45813098114473400,41380319629186000,21700623712630000,9,1996
Hotel Regas ,1996-09-17 22:00:00+00:00,C Regàs,10,26,Sant Gervasi - Galvany,5,Sarrià-Sant Gervasi,8006,BARCELONA,Tel.,932380092,2,4291229876222740,4583367698060950,4139872522496300,21521184336205300,9,1996
Hotel 1898 ,2005-01-05 12:50:04+00:00,C Rambla,109,1,el Raval,1,Ciutat Vella,8002,BARCELONA,Tel.,935529552,4,4307021796286800,4581664153009290,4138351958772660,21712028468782900,1,2005
Hotel Evenia Rossello ,2003-12-03 12:15:58+00:00,C Rosselló,191,8,l'Antiga Esquerra de l'Eixample,2,Eixample,8036,BARCELONA,Centraleta,932386355,4,42935585250672000,4582666974945370,41392434558929296,2154985585974790,12,2003
Hotel Peninsular ,1996-09-17 22:00:00+00:00,C Sant Pau,34,1,el Raval,1,Ciutat Vella,8001,BARCELONA,Tel.,933023138,1,4308074576943170,4581230824260120,4137962578754920,21725113181323500,9,1996
Hotel Petit Palace Boqueria Garden ,2006-07-07 08:53:32+00:00,C Boqueria,10,2,el Barri Gòtic,1,Ciutat Vella,8002,BARCELONA,Tel.,933020753,4,43093030545916600,4581429060350400,41381421796071504,21739577408033900,7,2006
Hotel H10 Marina Barcelona ,2001-11-02 23:00:00+00:00,Av Bogatell,64,67,la Vila Olímpica del Poblenou,10,Sant Martí,8005,BARCELONA,Tel.,933097917,4,4324864070728440,4582710678158530,4139309706918290,2192423387549550,11,2001
Hotel Paralll ,1996-09-17 22:00:00+00:00,C Poeta Cabanyes,5,11,el Poble-sec,3,Sants-Montjuïc,8004,BARCELONA,Tel.,933291104,2,4302576451542790,4580680335520680,4137462023735870,21659999978001100,9,1996
Hotel Onix Liceo ,2007-11-22 12:46:17+00:00,C Nou de la Rambla,36,1,el Raval,1,Ciutat Vella,8001,BARCELONA,Tel.,934816441,4,4308539452781590,458105644997168,41378059246159296,217308711223,11,2007
Hotel chic&basic Lemon ,2018-08-14 13:32:01+00:00,C Pelai,6,1,el Raval,1,Ciutat Vella,8001,BARCELONA,Tel.,933426666,2,4301974634815490,4581923661372950,41385813263172600,2165137191742490,8,2018
Hotel Boutique Serennia Exclusive Rooms ,2018-08-16 07:30:10+00:00,Rda Universitat,9,7,la Dreta de l'Eixample,2,Eixample,8007,BARCELONA,Tel.,932157255,2,43022635318689504,4581990300728620,4138641596849560,21654750128093800,8,2018
Hotel Pestana Arena Barcelona ,2006-07-11 10:44:54+00:00,C Consell de Cent,51,15,Hostafrancs,3,Sants-Montjuïc,8014,BARCELONA,Centraleta,932893921,4,42859137430339504,4580938028657230,41376795061952704,2146045971839950,7,2006
Hotel Ramblas Barcelona ,1996-09-17 22:00:00+00:00,C Rambla,33,1,el Raval,1,Ciutat Vella,8002,BARCELONA,Centraleta,933015700,3,43100588477851296,4581164960943550,41379049614922400,2174891612512320,9,1996
Hotel Exe Plaza Catalunya,2019-05-29 13:58:33+00:00,Rda Universitat,18,7,la Dreta de l'Eixample,2,Eixample,8007,BARCELONA,Tel.,932408419,5,4303930425571430,4582035770319280,41386839939302096,2167463268055390,5,2019
Hotel Regina ,1996-09-17 22:00:00+00:00,C Bergara,2,7,la Dreta de l'Eixample,2,Eixample,8002,BARCELONA,Centraleta,933013232,4,4304319001989840,4581941166250450,413859912320794,21679388428543800,9,1996
Hotel Catalonia Albeniz ,1996-09-17 22:00:00+00:00,C Aragó,591,64,el Camp de l'Arpa del Clot,10,Sant Martí,8026,BARCELONA,Centraleta,932652626,3,4319523689234740,4584389843673430,41408175800067000,21858472636212700,9,1996
Hotel Le Meridien Barcelona ,1996-09-17 22:00:00+00:00,C Rambla,111,1,el Raval,1,Ciutat Vella,8002,BARCELONA,Tel.,933186200,5,4306794888403740,4581707348583080,413839066821341,21709265519982100,9,1996
Hotel Granados 83 ,2006-03-07 09:11:57+00:00,C Enric Granados,83,8,l'Antiga Esquerra de l'Eixample,2,Eixample,8008,BARCELONA,Tel.,934929670,4,4295107490144500,4582604334588830,4139188397012150,21568454879910100,3,2006
Hotel Condal ,1996-09-17 22:00:00+00:00,C Boqueria,23,2,el Barri Gòtic,1,Ciutat Vella,8002,BARCELONA,Tel.,933181882,2,430955920206844,4581445064199430,4138156813651420,21742622276082000,9,1996
Ayre Hotel Caspe ,2007-11-30 12:29:54+00:00,C Casp,103,5,el Fort Pienc,2,Eixample,8013,BARCELONA,Tel.,932467000,4,43140759348731600,4583054899583310,41396106080084896,2179481225396930,11,2007
Hotel Pelayo ,1996-09-17 22:00:00+00:00,C Pelai,9,7,la Dreta de l'Eixample,2,Eixample,8001,BARCELONA,Tel.,933023727,1,43031546633302896,4581930527330290,4138588533316100,2166547614101150,9,1996
Hotel Indigo Barcelona ,2013-04-24 15:12:35+00:00,G.V. Corts Catalanes,629,7,la Dreta de l'Eixample,2,Eixample,8010,BARCELONA,Tel.,936026690,4,4306324771287910,4582525191592980,41391268683912000,217027069975196,4,2013
Hotel Lleo ,1996-09-17 22:00:00+00:00,C Pelai,22,1,el Raval,1,Ciutat Vella,8001,BARCELONA,Centraleta,933181312,3,430307518414653,4581909464534190,41385694938808704,2166454986668300,9,1996
Hotel Olivia Balmes ,2013-10-17 11:48:34+00:00,C Balmes,117,8,l'Antiga Esquerra de l'Eixample,2,Eixample,8008,BARCELONA,Informació,932144163,4,42966621649682600,4582636166310650,41392184277892600,2158701217286060,10,2013
Hotel Catalonia Square ,2014-03-25 12:07:35+00:00,Rda Sant Pere,9,7,la Dreta de l'Eixample,2,Eixample,8010,BARCELONA,Tel.,933023386,4,43071582537988000,4582228144508410,41388600459145,21713015344133000,3,2014
Hotel Intercontinental Barcelona ,1996-09-17 22:00:00+00:00,Avinguda de Rius i Taulet,1,11,el Poble-sec,3,Sants-Montjuïc,8004,Barcelona,Centraleta,93 426 22 23,4,4292990855180070,4580480018277140,41372732404817504,2154561805336500,9,1996
Hotel Ibis Barcelona Placa Glories 22 ,2013-01-28 12:25:56+00:00,C Ciutat de Granada,99,66,el Parc i la Llacuna del Poblenou,10,Sant Martí,8018,BARCELONA,Tel.,933007777,2,4326559812475030,4583596665549630,4140109113013270,2194353048792860,1,2013
Hotel Mimic ,2012-03-22 13:31:06+00:00,C Arc del Teatre,58,1,el Raval,1,Ciutat Vella,8001,BARCELONA,Tel.,933299450,2,43084121045951504,4580776621700620,4137553782037470,21729667610950600,3,2012
Hotel U232 ,1984-05-29 22:00:00+00:00,C Comte d'Urgell,232,8,l'Antiga Esquerra de l'Eixample,2,Eixample,8036,BARCELONA,Tel.,933224153,4,4288569864216620,4582351878915070,41389552632018400,21490560076474600,5,1984
Hotel  Almanac ,2018-07-12 08:30:09+00:00,G.V. Corts Catalanes,619,7,la Dreta de l'Eixample,2,Eixample,8007,BARCELONA,Tel.,930187000,5,4305523149241250,4582446586343470,4139055379413720,21693209608633700,7,2018
Hotel Grums Barcelona ,2011-05-19 10:22:31+00:00,C Palaudàries,26,11,el Poble-sec,3,Sants-Montjuïc,8004,BARCELONA,Tel.,934420666,4,4307639272729320,4580475947620100,4137282309088770,2172077005791580,5,2011
Hotel Acta Voraport ,2020-01-20 15:19:46+00:00,C Ramon Turró,196,68,el Poblenou,10,Sant Martí,8005,BARCELONA,Tel.,935955560,2,43330613797385504,45833780218111,41399176057604096,22021543339735700,1,2020
Hotel Yurbban Ramblas Boutique ,2020-01-20 15:30:45+00:00,C Rambla,129,1,el Raval,1,Ciutat Vella,8002,BARCELONA,Tel.,93 317 48 98,2,43060846850412800,4581836692306260,4138506551814920,2170062420542050,1,2020
Hotel Acta Atrium Palace ,2003-05-09 11:13:42+00:00,G.V. Corts Catalanes,656,7,la Dreta de l'Eixample,2,Eixample,8010,BARCELONA,Tel.,933428000,4,4306695067763160,4582489171952010,41390947459353600,21707177028670100,5,2003
Hotel Catalonia Barcelona Plaza ,1996-09-17 22:00:00+00:00,Pl Espanya,6,15,Hostafrancs,3,Sants-Montjuïc,8004,BARCELONA,Centraleta,934262600,4,4287868494344120,4580787917163800,4137546038251510,2148400987288190,9,1996
Hotel Vincci Bit ,2012-05-17 12:40:32+00:00,C Josep Pla,69,69,Diagonal Mar i el Front Marítim del Poblenou,10,Sant Martí,8019,BARCELONA,Tel.,931657420,4,4341400496029880,4584747340620610,4141157790549180,22119803428791100,5,2012
Alimara Barcelona Hotel ,1995-07-10 22:00:00+00:00,C Berruguete,126,41,la Vall d'Hebron,7,Horta-Guinardó,8035,BARCELONA,Centraleta,934270000,4,42876286229698496,4587263901003950,4143378489117590,2147351984381240,7,1995
Hotel Catalonia Mikado ,1998-02-01 23:00:00+00:00,Pg Bonanova,58,25,Sant Gervasi - la Bonanova,5,Sarrià-Sant Gervasi,8017,BARCELONA,Centraleta,932114166,3,4270389467587430,4583889979523770,4140324278618560,21271274360697000,2,1998
Hotel chic&basic Velvet ,1997-09-05 22:00:00+00:00,C Consell de Cent,74,9,la Nova Esquerra de l'Eixample,2,Eixample,8015,BARCELONA,Tel.,934234647,3,42893822987330600,4581209439081090,4137927026629750,21501616512525000,9,1997
Hotel Ofelias ,2012-08-09 12:12:22+00:00,C Llança,24,9,la Nova Esquerra de l'Eixample,2,Eixample,8015,BARCELONA,Tel.,934233898,4,4289300060114410,458093407676718,4137678944721750,2150095600328650,8,2012
Hotel Duquesa de Cardona ,2011-05-31 16:12:02+00:00,Pg Colom,12,2,el Barri Gòtic,1,Ciutat Vella,8002,BARCELONA,Informació i reserves,932689090,4,4314831881197940,4581252282188310,4137987687800610,21805893026700000,5,2011
Aparthotel Arai ,2013-04-24 12:45:14+00:00,C Avinyó,30,2,el Barri Gòtic,1,Ciutat Vella,8002,BARCELONA,Tel.,933203950,4,4312132837213080,4581363605046940,413808565020251,21773491271715400,4,2013
Midmost Hotel ,1999-06-02 22:00:00+00:00,C Pelai,14,1,el Raval,1,Ciutat Vella,8001,BARCELONA,Reserves,934922244,4,43026549882199000,4581914937472120,41385740590399000,21659518396428100,6,1999
Hotel Sunotel Central ,2013-10-17 12:08:22+00:00,G.V. Corts Catalanes,570,10,Sant Antoni,2,Eixample,8011,BARCELONA,Tel.,934527374,4,42991231229013104,4581747747030660,4138420406769880,216174738288558,10,2013
Hotel Catalonia Portal de l'Angel ,1998-06-12 22:00:00+00:00,Av Portal de l'Àngel,17,2,el Barri Gòtic,1,Ciutat Vella,8002,BARCELONA,Centraleta,933184141,3,4308511351332990,4581894173795030,41385604131533400,2172957914254080,6,1998
Hotel Ciutat Vella ,2008-06-03 09:31:13+00:00,C Tallers,66,1,el Raval,1,Ciutat Vella,8001,BARCELONA,Tel.,934813799,3,43031591034815296,4581836663246370,4138503996792910,2166563720114080,6,2008
Hotel Santa Marta ,1998-03-27 23:00:00+00:00,C General Castaños,14,4,"Sant Pere, Santa Caterina i la Ribera",1,Ciutat Vella,8003,BARCELONA,Centraleta,933194427,2,4318693942798930,45816711221785104,413836820501458,2185160503910110,3,1998
Hotel Canton ,1996-09-17 22:00:00+00:00,C Nou de Sant Francesc,40,2,el Barri Gòtic,1,Ciutat Vella,8002,BARCELONA,Tel.,933173019,1,43127081321466304,4581105679576150,413785383572826,21780663307951900,9,1996
Hotel Hilton Diagonal Mar ,2005-03-29 15:55:47+00:00,Passeig del Taulat,262,69,Diagonal Mar i el Front Marítim del Poblenou,10,Sant Martí,8019,Barcelona,Tel.,935070707,4,43467137651453904,4584375422350120,4140827149175510,2218377295428620,3,2005
Hotel Husa L'Illa ,2006-04-11 16:01:15+00:00,Av Diagonal,555,19,les Corts,4,Les Corts,8029,BARCELONA,Tel.,934942500,4,4277151435128670,4582384607353540,4138974559970470,21353959606306400,4,2006
Hotel Best Western Premier Hotel Dante ,1996-09-17 22:00:00+00:00,C Mallorca,181,8,l'Antiga Esquerra de l'Eixample,2,Eixample,8036,BARCELONA,Centraleta,933232254,4,42948043736593600,458233288523101,4138943646417610,21565145579298400,9,1996
Hotel Glories ,1996-09-17 22:00:00+00:00,C Padilla,173,5,el Fort Pienc,2,Eixample,8013,BARCELONA,Tel.,932650808,3,4317063844703120,458361401219002,4140116726778080,218299201887239,9,1996
Hotel H10 Madison,2018-07-10 10:25:43+00:00,C Doctor Joaquim Pou,2,2,el Barri Gòtic,1,Ciutat Vella,8002,BARCELONA,Tel.,932382137,4,43106151207641104,4581951769275940,4138614093263970,2175467284308260,7,2018
Motel One Barcelona,2018-07-10 10:50:02+00:00,Pg Pujades,11,66,el Parc i la Llacuna del Poblenou,10,Sant Martí,8018,BARCELONA,Tel.,936261900,1,4318328164900510,4582388995165960,413901446312642,2184642301079100,7,2018
Hotel Spa Senator Barcelona ,2001-08-31 22:00:00+00:00,C Cardenal Reig,11,20,la Maternitat i Sant Ramon,4,Les Corts,8028,BARCELONA,Centraleta,932609900,4,4258996074660390,4580989759572900,4137701761496100,21138532534292800,8,2001
Hotel Room Mate Anna ,2017-06-19 15:12:10+00:00,C Aragó,271,7,la Dreta de l'Eixample,2,Eixample,8007,BARCELONA,Reserves,900818320,4,4302369019358990,4582706314744490,4139286578560710,2165518703308210,6,2017
Hotel Marina Folch ,1996-09-17 22:00:00+00:00,C Mar,16,3,la Barceloneta,1,Ciutat Vella,8003,BARCELONA,Tel.,933103709,1,4320611524802200,4581351450337030,41380819068069904,21874895443653900,9,1996
Arenas Atiram Hotel ,1996-09-17 22:00:00+00:00,C Capità Arenas,20,21,Pedralbes,4,Les Corts,8034,BARCELONA,Tel.,932800303,4,42695169891453104,4582470247353880,41390447951286200,21262550338590800,9,1996
Hotel Arts Barcelona ,1996-09-17 22:00:00+00:00,C Marina,19,3,la Barceloneta,1,Ciutat Vella,8005,BARCELONA,Informació i reserves,932211000,5,4328272078939820,4582043060740500,41387112550035104,2196573593105020,9,1996
Hotel Apartament Murmuri Residence Mercader ,2017-03-06 11:00:26+00:00,Ptge Mercader,13,7,la Dreta de l'Eixample,2,Eixample,8008,BARCELONA,Informació,935500600,4,4297830783551060,4582664740056160,4139245184284070,2160095605473390,3,2017
Hotel Golden Tulip ,2017-10-25 10:04:45+00:00,C Àvila,135,66,el Parc i la Llacuna del Poblenou,10,Sant Martí,8018,BARCELONA,Centraleta,934 833 876,4,4323740490060070,4583500952426930,4140020540586960,2190991263312160,10,2017
Hotel Arya by Ona Hotels ,2017-10-25 11:09:38+00:00,C Sants,383,17,Sants - Badal,3,Sants-Montjuïc,8028,BARCELONA,Tel.,931317500,3,42681144063693904,4580819001438410,4137556311465470,21247770121141000,10,2017
Hotel Sunotel Aston ,2006-07-11 10:12:14+00:00,C París,101,9,la Nova Esquerra de l'Eixample,2,Eixample,8029,BARCELONA,Tel.,933637070,3,4287209867464700,4582337977022070,413894153824004,21474311194472700,7,2006
Hotel Acta City 47 ,1996-09-17 22:00:00+00:00,C Nicaragua,47,18,Sants,3,Sants-Montjuïc,8029,BARCELONA,Tel.,933637474,4,42815663436979600,4581691557210490,4138354311730090,2140758278268040,9,1996
Hotel Barcelo Raval ,2008-09-25 10:07:02+00:00,Rbla Raval,17,1,el Raval,1,Ciutat Vella,8001,BARCELONA,Tel.,933201490,4,43055362417563800,4581166431836580,4137902395648090,21694833518924200,9,2008
Hotel NH Barcelona Barri Gotic ,1996-09-17 22:00:00+00:00,C Ample,31,2,el Barri Gòtic,1,Ciutat Vella,8002,BARCELONA,Tel.,933105100,3,4314285356378250,4581317800537740,4138046232752710,2179928349935370,9,1996
Hotel Alguer Camp Nou ,1996-09-17 22:00:00+00:00,Ptge Pere Rodríguez,20,20,la Maternitat i Sant Ramon,4,Les Corts,8028,BARCELONA,Tel.,936817344,2,42623730818189000,45809920626242896,4137706938368690,2117890985340070,9,1996
Hotel  Negresco Princess ,2016-02-18 10:38:51+00:00,C Roger de Llúria,16,7,la Dreta de l'Eixample,2,Eixample,8010,BARCELONA,Tel.,932150052,4,4308302332260540,4582431360548990,4139044060870880,21726466083354400,2,2016
Hotel Brummel ,2015-07-30 16:36:17+00:00,C Nou de la Rambla,174,11,el Poble-sec,3,Sants-Montjuïc,8004,BARCELONA,Tel.,931258622,3,4302945428631290,4580353796716190,41371682397631904,21664787325847000,7,2015
Hotel Praktik Vinoteca ,2015-01-05 10:51:04+00:00,C Balmes,51,8,l'Antiga Esquerra de l'Eixample,2,Eixample,8007,BARCELONA,Tel.,934545028,1,42997513756032896,4582319760461880,41389361473506,2162432582118680,1,2015
Aparthotel Casa Gracia ,2015-07-30 16:13:47+00:00,Pg Gràcia,114,31,la Vila de Gràcia,6,Gràcia,8008,BARCELONA,Tel.,931874497,1,42972454381581800,4583182694991100,4139711176809920,21593354055350700,7,2015
Hotel,2015-07-30 16:17:50+00:00,Ptge Concepció,13,7,la Dreta de l'Eixample,2,Eixample,8008,BARCELONA,Reserves,934922244,2,4297774633635160,4582885935897020,4139444358647950,21600028001118000,7,2015
Hotel Acta Bcn 40 ,2015-07-30 16:23:51+00:00,C Joaquín Costa,40,1,el Raval,1,Ciutat Vella,8001,BARCELONA,Tel.,933185100,2,4302480330625830,4581573396801630,41382662928864000,21657822832691100,7,2015
Hotel Ohla Eixample ,2016-04-27 06:43:14+00:00,C Còrsega,289,7,la Dreta de l'Eixample,2,Eixample,8008,BARCELONA,Tel.,937377977,5,4294800952517800,4582893453761800,4139448527637070,2156445196720720,4,2016
Hotel Catalonia Placa Catalunya ,1996-09-17 22:00:00+00:00,C Bergara,11,7,la Dreta de l'Eixample,2,Eixample,8002,BARCELONA,Centraleta,933015151,4,4304745447750640,4581986541816430,4138640360214880,21684436295077700,9,1996
Hotel Denit ,2015-07-30 16:21:55+00:00,C Estruc,24,2,el Barri Gòtic,1,Ciutat Vella,8002,BARCELONA,Tel.,935454000,3,43082185738522200,4582053153237660,4138703349318340,217258962486306,7,2015
Hotel Colonial Barcelona ,2015-07-30 16:29:55+00:00,Via Laietana,3,2,el Barri Gòtic,1,Ciutat Vella,8003,BARCELONA,Tel.,933192252,4,4314938169596200,4581531365466570,41382391407459696,218068485341705,7,2015
Hotel Barcelona House ,2015-07-30 16:32:30+00:00,C Escudellers,19,2,el Barri Gòtic,1,Ciutat Vella,8002,BARCELONA,Tel.,933437167,3,43111154674220200,4581208596539180,41379451681205400,2176150150421480,7,2015
Hotel Eurostars Monumental ,2005-07-04 12:49:22+00:00,C Consell de Cent,498,5,el Fort Pienc,2,Eixample,8013,BARCELONA,Tel.,932320288,4,4313368650719020,4583558379657810,4140063473117330,2178578140968590,7,2005
Hotel Catalonia Magdalenes ,2018-08-10 13:26:32+00:00,C Magdalenes,13,2,el Barri Gòtic,1,Ciutat Vella,8002,BARCELONA,Tel.,934813517,4,43098924377918600,4581950489273690,4138612320758980,2174603157517080,8,2018
Hotel Room Mate Gerard ,2018-08-10 14:01:31+00:00,C Ausiàs Marc,34,7,la Dreta de l'Eixample,2,Eixample,8010,BARCELONA,Reserves,900818320,4,43112690831574400,4582562234332640,4139164480735700,2176179963865450,8,2018
Hotel Barcelona 1882 ,2018-08-13 07:18:23+00:00,C Còrsega,482,32,el Camp d'en Grassot i Gràcia Nova,6,Gràcia,8025,BARCELONA,Tel.,933478486,4,43057365940906800,4583937595803480,4140398466309080,21694052821596200,8,2018
Hotel Wilson Boutique,2006-03-23 16:42:51+00:00,Av Diagonal,568,26,Sant Gervasi - Galvany,5,Sarrià-Sant Gervasi,8021,BARCELONA,Tel.,932092511,4,4289432704696080,4582888917693670,41394397169069000,2150024939104460,3,2006
Hotel NH Collection Constanza ,2006-12-12 09:44:25+00:00,C Deu i Mata,69,19,les Corts,4,Les Corts,8029,BARCELONA,Tel.,932811500,4,42779054379951200,4582293766256010,413889342026126,2136308559177160,12,2006
AC Hotel Barcelona Forum ,2004-04-27 08:02:02+00:00,Passeig del Taulat,272,69,Diagonal Mar i el Front Marítim del Poblenou,10,Sant Martí,8019,Barcelona,Informació i reserves,934898200,4,43469989938739904,45845897286359696,41410204014174304,221869540018755,4,2004
Hotel Barcelona Condal Mar by Melia ,2005-06-07 09:50:02+00:00,C Cristóbal de Moura,138,71,Provençals del Poblenou,10,Sant Martí,8019,BARCELONA,Tel.,933077727,4,4339008009023740,45848714313640704,4141267591709270,22091044174393300,6,2005
Sercotel Amister Art Hotel ,2004-10-27 14:58:20+00:00,Av Roma,93,9,la Nova Esquerra de l'Eixample,2,Eixample,8029,BARCELONA,Tel.,933633468,4,4290552466166700,4581773188603610,4138435808692930,215149492306307,10,2004
Hotel Market ,2006-05-18 07:49:36+00:00,Ptge Sant Antoni Abat,10,10,Sant Antoni,2,Eixample,8015,BARCELONA,Tel.,933251205,3,4298097234017940,4581199654358670,41379258633085296,2160584026300660,5,2006
Grand Hotel Central Barcelona,2005-06-08 11:39:27+00:00,Via Laietana,30,4,"Sant Pere, Santa Caterina i la Ribera",1,Ciutat Vella,8003,BARCELONA,Tel.,932957900,5,4312443513265110,4581817391624520,4138494628095660,2177669150538510,6,2005
Hotel Advance ,2006-02-03 10:37:00+00:00,C Sepúlveda,180,10,Sant Antoni,2,Eixample,8011,BARCELONA,Centraleta,932892892,4,4300035444233140,4581651173992030,4138334220886490,2162849568798420,2,2006
Hotel Soho House ,2017-03-06 10:51:21+00:00,Pl Duc de Medinaceli,4,2,el Barri Gòtic,1,Ciutat Vella,8002,BARCELONA,Tel.,932204600,5,4313782761714350,4581097449678310,4137847340463960,2179352287617740,3,2017
Hotel Ibis Styles Barcelona City Bogatell ,2017-03-06 11:06:28+00:00,C Llull,71,66,el Parc i la Llacuna del Poblenou,10,Sant Martí,8005,BARCELONA,Tel.,934833748,2,4325711652131940,4582889896427000,4139471834982290,21934171870381800,3,2017
B,2005-01-05 12:24:55+00:00,G.V. Corts Catalanes,389,9,la Nova Esquerra de l'Eixample,2,Eixample,8015,BARCELONA,Tel.,935529500,3,4289687926403700,4580905267056550,41376533392690400,21505627650478800,1,2005
Hotel H10 Casanova ,2006-12-22 08:24:55+00:00,G.V. Corts Catalanes,559,8,l'Antiga Esquerra de l'Eixample,2,Eixample,8011,BARCELONA,Tel.,933964800,4,4298446709463340,4581754309952580,4138425728199810,2160937711962800,12,2006
Hotel Eurostars Angli ,2006-02-10 08:53:17+00:00,C Anglí,60,23,Sarrià,5,Sarrià-Sant Gervasi,8017,BARCELONA,Tel.,932069944,4,4267049790052530,4583880656542470,414031284407866,21231335759874700,2,2006
Nobu Hotel Barcelona ,2004-09-20 11:16:10+00:00,Av Roma,2,15,Hostafrancs,3,Sants-Montjuïc,8014,BARCELONA,Tel.,934936026,5,42829025216047800,4581270945343920,4137976674327140,21424059401050700,9,2004
Hotel REC Barcelona ,2018-01-23 11:06:38+00:00,C Rec,19,4,"Sant Pere, Santa Caterina i la Ribera",1,Ciutat Vella,8003,BARCELONA,Tel.,935569960,3,43162877156298000,4581947616431660,41386151941935504,2182251744349460,1,2018
Hotel Grupotel Gran Via 678 ,2013-05-30 11:34:37+00:00,G.V. Corts Catalanes,678,7,la Dreta de l'Eixample,2,Eixample,8010,BARCELONA,Tel.,931924560,4,4308420930642800,4582657622343860,4139247949702910,21727626167524300,5,2013
Hotel H10 Metropolitan ,2014-09-16 09:22:41+00:00,Rbla Catalunya,7,7,la Dreta de l'Eixample,2,Eixample,8007,BARCELONA,Tel.,932140720,4,4304122173482430,4582144606261200,4138782184865660,2167680083804270,9,2014
Hotel SB Icaria Barcelona ,2004-10-29 10:54:15+00:00,Av Icària,195,67,la Vila Olímpica del Poblenou,10,Sant Martí,8005,BARCELONA,Tel.,932218200,4,43306909140100496,4582755427837780,4139354882137260,21993876749895000,10,2004
Hotel Medinaceli ,2005-01-14 13:18:49+00:00,Pl Duc de Medinaceli,8,2,el Barri Gòtic,1,Ciutat Vella,8002,BARCELONA,Tel.,934817725,4,4313202987411780,4581068044953560,4137820361812150,2178662335514300,1,2005
Hotel Center Gran Via ,2013-12-03 10:09:39+00:00,G.V. Corts Catalanes,573,8,l'Antiga Esquerra de l'Eixample,2,Eixample,8011,BARCELONA,Tel.,934512898,1,4299410059902250,4581848410054250,41385113205639200,21620788861295800,12,2013
Hotel Primeroprimera ,2011-12-29 10:25:14+00:00,Carrer del Doctor Carulla,25,24,les Tres Torres,5,Sarrià-Sant Gervasi,8017,Barcelona,Tel.,93 417 56 00,5,4272613946687200,4583561240777870,41400302135253200,21298279060862600,12,2011
Hotel H10 Port Vell ,2013-10-17 12:27:08+00:00,Pas Sota Muralla,9,4,"Sant Pere, Santa Caterina i la Ribera",1,Ciutat Vella,8003,BARCELONA,Tel.,933103065,4,43175765441292304,4581440781404020,41381597964066704,21838501705888300,10,2013
Hotel Brustar Centric ,2014-10-17 07:42:10+00:00,Rda Sant Pere,60,7,la Dreta de l'Eixample,2,Eixample,8010,BARCELONA,Tel.,932457844,2,43128336481444200,4582467670287110,4139080648029320,21780619495114300,10,2014
Hotel AC Irla ,2003-04-09 12:37:11+00:00,C Calvet,40,26,Sant Gervasi - Galvany,5,Sarrià-Sant Gervasi,8021,BARCELONA,Tel.,932416210,4,42839764276032400,458294388404235,41394843835098704,21434923809957000,4,2003
Hotel Onix Rambla ,2004-02-09 19:22:48+00:00,Rbla Catalunya,24,7,la Dreta de l'Eixample,2,Eixample,8007,BARCELONA,Tel.,933427980,3,43030148039258304,458229935272844,4138920601219490,2166337919700020,2,2004
Hotel Catalonia Ramblas ,2006-09-20 09:53:37+00:00,C Pelai,28,1,el Raval,1,Ciutat Vella,8001,BARCELONA,Tel.,933168400,4,43034252107539400,4581904626588620,4138565439662020,2166874143773630,9,2006
Leonardo Hotel Barcelona Gran Via ,2004-05-13 06:59:22+00:00,C Diputació,100,9,la Nova Esquerra de l'Eixample,2,Eixample,8015,BARCELONA,Tel.,935534760,3,4293356799663940,4581411767189620,4138112756977950,21548907267364800,5,2004
Hotel Barcelona Center ,2004-05-18 07:36:19+00:00,C Balmes,103,8,l'Antiga Esquerra de l'Eixample,2,Eixample,8008,BARCELONA,Tel.,932730000,4,4297138300442660,4582587398796340,4139174920826250,21592763481264400,5,2004
BCN Urban Hotels del Comte ,1998-09-04 22:00:00+00:00,C Diputació,142,9,la Nova Esquerra de l'Eixample,2,Eixample,8015,BARCELONA,Tel.,933231258,2,42951494018673800,4581587474512190,4138272583036510,2157013926792570,9,1998
Hotel Occidental Atenea Mar ,2003-11-14 10:46:41+00:00,Passeig de Garcia Fària,37,69,Diagonal Mar i el Front Marítim del Poblenou,10,Sant Martí,8019,Barcelona,Tel.,935316040,4,4341182100133680,4583734455493700,414024533163308,2211829316746770,11,2003
Hotel Ciutadella Barcelona ,2012-10-17 15:24:41+00:00,Av Marquès de l'Argentera,4,4,"Sant Pere, Santa Caterina i la Ribera",1,Ciutat Vella,8003,BARCELONA,Informació,933191944,4,43182766568117904,4581692781958710,4138387359887310,21846590429037500,10,2012
Hotel Roma Reial ,1996-09-17 22:00:00+00:00,Pl Reial,11,2,el Barri Gòtic,1,Ciutat Vella,8002,BARCELONA,Tel.,933020366,1,4310847389884130,458127910184555,413800844064027,217582156576961,9,1996
Hotel Ilunion Auditori ,2005-01-14 11:10:34+00:00,C Sicília,166,5,el Fort Pienc,2,Eixample,8013,BARCELONA,Tel.,932437600,3,43155046810336200,4583033031825580,4139592129793330,218119263000691,1,2005
Leonardo Boutique Hotel Barcelona Sagrada Familia,2011-03-15 11:45:13+00:00,C Mallorca,606,64,el Camp de l'Arpa del Clot,10,Sant Martí,8026,BARCELONA,Tel.,932314258,3,4319397909810230,4584709475554270,4141105355871880,21856608397435200,3,2011
Hotel Catalonia Barcelona Golf ,2001-06-08 22:00:00+00:00,Trav Gràcia,72,26,Sant Gervasi - Galvany,5,Sarrià-Sant Gervasi,8006,BARCELONA,Centraleta,932386828,3,42906244624702704,4583194557737140,4139716047631680,21514145555775700,6,2001
Hotel NH La Maquinista ,2004-09-16 08:35:48+00:00,C Sao Paulo,33,59,el Bon Pastor,9,Sant Andreu,8030,BARCELONA,Tel.,932745370,3,4331569345389150,4587833938347260,4143929677845800,21998771576012700,9,2004
Hotel DingDong Putxet ,1994-10-13 23:00:00+00:00,C Ballester,11,27,el Putxet i el Farró,5,Sarrià-Sant Gervasi,8023,BARCELONA,Tel.,932120350,2,428507708429676,4584172749079840,41405921529486,21446637290970300,10,1994
Hotel Room Mate Emma ,2014-07-02 11:15:37+00:00,C Rosselló,205,8,l'Antiga Esquerra de l'Eixample,2,Eixample,8008,BARCELONA,Reserves,900818320,3,42947435934801696,4582700238645580,413927445538081,2156399091968020,7,2014
Hotel HLG Citypark Pelai ,2004-10-06 10:57:55+00:00,C Pelai,1,7,la Dreta de l'Eixample,2,Eixample,8001,BARCELONA,Tel.,933427020,2,43022418921786400,4581942399195620,41385984347232800,2165454650325520,10,2004
Hotel H10 Casa Mimosa ,2016-10-21 07:16:26+00:00,C Pau Claris,179,7,la Dreta de l'Eixample,2,Eixample,8037,BARCELONA,Tel.,932142330,4,4299660674875380,4583093085915330,4139632576156080,21622346806892000,10,2016
Hotel Catalonia Rigoletto ,2011-11-08 12:47:13+00:00,C Sabino Arana,22,20,la Maternitat i Sant Ramon,4,Les Corts,8028,BARCELONA,Tel.,933391999,4,42686620386238304,4581932374583720,4138559578892900,21252974604201300,11,2011
Hotel Victoria Palace ,2014-12-22 12:52:00+00:00,C Roger de Llúria,42,7,la Dreta de l'Eixample,2,Eixample,8009,BARCELONA,Tel.,932693939,2,43064173901834000,4582624323627700,41392162332990800,21703701211751500,12,2014
Hotel H10 Art Gallery ,2014-12-22 13:03:24+00:00,C Enric Granados,62,8,l'Antiga Esquerra de l'Eixample,2,Eixample,8008,BARCELONA,Tel.,932142030,4,4295266738566840,4582618632452660,4139201414147360,21570342889390600,12,2014
Aparthotel BCN Montjuic ,2015-07-30 16:11:23+00:00,C Sant Fructuós,64,14,la Font de la Guatlla,3,Sants-Montjuïc,8004,BARCELONA,Tel.,935035650,3,42842536507430400,4580201737810150,4137014880241200,214414786098601,7,2015
Hotel del Mar ,2005-01-14 13:25:20+00:00,Pla Palau,19,4,"Sant Pere, Santa Caterina i la Ribera",1,Ciutat Vella,8003,BARCELONA,Tel.,933193302,3,4317742852399870,4581496228866210,4138209877451940,2184042806145200,1,2005
Hotel Casa Bonay ,2016-02-09 16:30:22+00:00,Gran Via de les Corts Catalanes,700,7,la Dreta de l'Eixample,2,Eixample,8010,Barcelona,Tel.,935458070,4,43097117978374496,4582784213135200,4139363075012310,2174292114308530,2,2016
Hotel Nuevo Triunfo ,2005-01-19 16:21:35+00:00,C Cabanes,34,11,el Poble-sec,3,Sants-Montjuïc,8004,BARCELONA,Tel.,934425933,2,4305892989623030,458051924916155,4137319805341730,2169984057580600,1,2005
Hotel The Corner ,2017-03-03 13:17:32+00:00,C Muntaner,110,8,l'Antiga Esquerra de l'Eixample,2,Eixample,8036,BARCELONA,Tel.,935542400,4,42948585432479696,4582277951768140,4138894217258470,21565857382541600,3,2017
Hotel Olivia Plaza ,2006-05-08 14:25:41+00:00,Pl Catalunya,19,2,el Barri Gòtic,1,Ciutat Vella,8002,BARCELONA,Informació i reserves,933158700,4,4306897426865300,458197025701953,41386275500391696,2171019099523610,5,2006
Hotel Neri ,2003-05-16 08:22:00+00:00,C Sant Sever,5,2,el Barri Gòtic,1,Ciutat Vella,8002,BARCELONA,Tel.,933040655,5,43106139114386200,458162831943245,4138322770631590,21755026408898900,5,2003
Hotel SB Glow ,2017-10-25 10:21:28+00:00,C Badajoz,148,66,el Parc i la Llacuna del Poblenou,10,Sant Martí,8018,BARCELONA,Tel.,935 147 000,4,4323798459064090,4583716325327440,4140214569463320,21910365479757800,10,2017
Yurbban Passage Hotel & Spa ,2017-10-25 10:33:05+00:00,C Trafalgar,26,4,"Sant Pere, Santa Caterina i la Ribera",1,Ciutat Vella,8010,BARCELONA,Tel.,938828977,4,4311001686391080,4582252229351940,4138885039744960,2175895414191430,10,2017
Hotel Petit Palace Museum ,2006-07-07 11:06:26+00:00,C Diputació,250,7,la Dreta de l'Eixample,2,Eixample,8007,BARCELONA,Tel.,933040087,4,4302106302819620,4582268822007600,41388923154621296,21652548921021800,7,2006
Hotel Ciutat de Barcelona ,2006-07-11 12:07:37+00:00,C Princesa,33,4,"Sant Pere, Santa Caterina i la Ribera",1,Ciutat Vella,8003,BARCELONA,Centraleta,932697475,3,43152805054738496,4581921558665560,4138590868033250,21810501422453300,7,2006
Hotel SERHS del Port ,2004-12-13 10:12:44+00:00,Av Paral·lel,40,1,el Raval,1,Ciutat Vella,8001,BARCELONA,Tel.,932308500,3,4308008948631990,4580720036244760,4137502470594310,2172491156193390,12,2004
Hotel Barcelona Universal ,2001-03-08 23:00:00+00:00,Av Paral.lel,76,1,el Raval,1,Ciutat Vella,8001,BARCELONA,Tel.,935677447,4,4304517502540070,4580741611962480,413751889339732,21683138995370000,3,2001
Hotel Room Mate Pau ,2012-08-09 12:36:08+00:00,C Fontanella,5,7,la Dreta de l'Eixample,2,Eixample,8010,BARCELONA,Reserves,900818320,3,43075136506029600,4582102477741920,41387471678324304,21717409423756200,8,2012
Hotel Rivoli Ramblas ,1996-09-16 22:00:00+00:00,C Rambla,128,2,el Barri Gòtic,1,Ciutat Vella,8002,BARCELONA,Centraleta,934817676,4,4307006946249090,4581752552146290,4138431564363100,21711749776374700,9,1996
Hotel Vincci Gala ,2014-05-29 09:46:53+00:00,Rda Sant Pere,32,7,la Dreta de l'Eixample,2,Eixample,8010,BARCELONA,Tel.,935083200,4,431006499532937,4582333354541260,4138957303812840,21747659179376000,5,2014
Hotel H10 Urquinaona Plaza ,2014-05-29 10:01:33+00:00,Pl Urquinaona,2,7,la Dreta de l'Eixample,2,Eixample,8010,BARCELONA,Tel.,932382040,4,4308240483138520,45822967038616000,4138922726628010,21725880150437100,5,2014
Ako Suite Hotel ,2012-03-16 13:51:53+00:00,C Diputació,195,8,l'Antiga Esquerra de l'Eixample,2,Eixample,8011,BARCELONA,Tel.,934533419,4,4298528668261020,4581948830056020,4138600997447110,2161013203724430,3,2012
Hotel Travelodge Barcelona Poblenou ,2013-04-24 15:26:25+00:00,C Llull,170,68,el Poblenou,10,Sant Martí,8005,BARCELONA,Tel.,936241802,1,43321518583832800,4583475205845210,4140004381920560,22010556723124400,4,2013
Leonardo Hotel Barcelona Las Ramblas ,1996-09-17 22:00:00+00:00,C Junta de Comerç,8,1,el Raval,1,Ciutat Vella,8001,BARCELONA,Centraleta,933188970,3,43069598476688200,4581285621702430,4138010973790390,2171172056333980,9,1996
Hotel Mercer Barcelona ,2012-10-17 15:04:29+00:00,C Lledó,7,2,el Barri Gòtic,1,Ciutat Vella,8002,BARCELONA,Tel.,933107480,5,4313476503745070,4581561589141950,41382651164188800,21789334889424300,10,2012
Hotel Le Palacete ,2018-07-10 10:37:56+00:00,C Legalitat,10,31,la Vila de Gràcia,6,Gràcia,8024,BARCELONA,Tel.,932845025,4,429756025264996,4584356127553200,41407683199528200,2159575795661150,7,2018
Hotel Casa Maca Guest House 4 ,2015-07-30 16:38:17+00:00,C Bruc,146,7,la Dreta de l'Eixample,2,Eixample,8037,BARCELONA,Tel.,644 200 680,1,4302610455980110,4583204502889440,4139735489190890,2165750098645870,7,2015
Hotel Condes de Barcelona ,2015-07-30 16:44:38+00:00,Pg Gràcia,73,7,la Dreta de l'Eixample,2,Eixample,8008,BARCELONA,Tel.,934450000,4,4300007222141600,4582788406894780,4139358463996280,2162684406282630,7,2015
Hotel Praktik Bakery ,2015-07-31 07:18:35+00:00,C Provença,279,7,la Dreta de l'Eixample,2,Eixample,8037,BARCELONA,Tel.,934880061,1,4300529876448770,4583083551026330,41396247449301200,2163275438666180,7,2015
Hotel Catalonia Avinyo ,2015-07-30 16:42:42+00:00,C Lleona,12,2,el Barri Gòtic,1,Ciutat Vella,8002,BARCELONA,Tel.,932702170,3,43112337858856000,4581397133701390,4138115079355080,21762702074956700,7,2015
Hotel Casa Maca Guest House ,2015-07-31 07:03:04+00:00,C Bruc,146,7,la Dreta de l'Eixample,2,Eixample,8037,BARCELONA,Tel.,644200680,1,4302610455980110,4583204502889440,4139735489190890,2165750098645870,7,2015
Hotel Margot House ,2015-07-31 07:34:10+00:00,Pg Gràcia,46,7,la Dreta de l'Eixample,2,Eixample,8007,BARCELONA,Tel.,932720076,3,43026305670477600,4582595022835680,4139186568479030,21658443401402500,7,2015
Hotel TOC Hostel Barcelona ,2015-07-31 08:59:45+00:00,G.V. Corts Catalanes,580,10,Sant Antoni,2,Eixample,8011,BARCELONA,Tel.,934534425,1,4299762416554020,458181137442298,4138478270570680,2162504549676390,7,2015
Hotel W Barcelona ,2009-07-29 08:33:54+00:00,Pl Rosa dels Vents,1,3,la Barceloneta,1,Ciutat Vella,8039,BARCELONA,Tel.,932952800,5,4322580028452140,4579966448897400,4136836130546300,21899983126477700,7,2009
Hotel Upper Diagonal ,2018-08-10 13:21:44+00:00,Pg Manuel Girona,7,23,Sarrià,5,Sarrià-Sant Gervasi,8034,BARCELONA,Tel.,932046573,4,42656771664455904,4582479221183140,4139049380990320,21216615756435300,8,2018
Aparthotel Allada ,2015-07-27 16:51:53+00:00,C Allada-Vermell,6,4,"Sant Pere, Santa Caterina i la Ribera",1,Ciutat Vella,8003,BARCELONA,Tel.,932683388,3,431501134785341,4582037932524490,41386954534481200,21807150933616100,7,2015
Hotel SB Diagonal Zero ,2009-04-21 12:02:25+00:00,Pl Llevant,1,70,el Besòs i el Maresme,10,Sant Martí,8019,BARCELONA,Tel.,935078000,4,43475621061464000,4584766664551600,4141180220577740,22193500158438,4,2009
Hotel & Spa Villa Olimpic@ Suites ,2009-05-18 10:40:19+00:00,C Pallars,121,66,el Parc i la Llacuna del Poblenou,10,Sant Martí,8018,BARCELONA,Tel.,933569727,4,4324805560373120,4583171175664970,413972441510617,21923020609167000,5,2009
Hotel Yurbban Trafalgar ,2014-12-22 12:40:48+00:00,C Trafalgar,30,4,"Sant Pere, Santa Caterina i la Ribera",1,Ciutat Vella,8010,BARCELONA,Tel.,932680727,3,431113147510023,4582266543214910,413889804296877,21760490100888400,12,2014
Hotel 54 Barceloneta ,2007-03-13 09:10:01+00:00,Pg Joan Borbo C Barcelona,54,3,la Barceloneta,1,Ciutat Vella,8003,BARCELONA,Tel.,932250054,3,43216807552445504,4580935757416030,4137708405152940,21888146866302900,3,2007
Hotel Catalonia Port ,2011-08-05 09:48:32+00:00,C Ample,1,2,el Barri Gòtic,1,Ciutat Vella,8002,BARCELONA,Tel.,933424244,4,43132874464631904,458113043334631,4137876625360910,2178756260833560,8,2011
Hotel Barcelona Century ,1996-09-17 22:00:00+00:00,C València,154,8,l'Antiga Esquerra de l'Eixample,2,Eixample,8011,BARCELONA,Centraleta,934534400,3,42933488685632496,4581972520716970,41386178013704704,2154815844377650,9,1996
Hotel Catalonia Barcelona 505 ,1996-09-17 22:00:00+00:00,C Muntaner,505,25,Sant Gervasi - la Bonanova,5,Sarrià-Sant Gervasi,8022,BARCELONA,Centraleta,932128012,4,42788611352945504,458388570474717,414032807207347,21372619507525300,9,1996
Hotel The Mirror Barcelona ,2011-02-11 11:38:47+00:00,C Còrsega,255,8,l'Antiga Esquerra de l'Eixample,2,Eixample,8036,BARCELONA,Tel.,932028686,4,4293196208439690,4582737795246860,413930692285982,21545439788943100,2,2011
Hotel Exe Ramblas Boqueria ,2008-10-30 13:09:00+00:00,C Rambla,91,1,el Raval,1,Ciutat Vella,8002,BARCELONA,Tel.,933435461,3,4307805898971490,4581514685484090,4138218012930010,21721576087440400,10,2008
Hotel Bonanova Park ,1996-09-16 22:00:00+00:00,Capità Arenas,51,23,Sarrià,5,Sarrià-Sant Gervasi,8034,BARCELONA,Centraleta,932040900,2,4268327280065280,4582765966443030,41393100552641400,21247964347068900,9,1996
Hotel NH Barcelona Ramblas ,2009-05-27 07:24:24+00:00,C Hospital,26,1,el Raval,1,Ciutat Vella,8001,BARCELONA,Tel.,931516100,3,4307763889653060,4581381933778880,4138098411334430,21721225368019300,5,2009
Hotel Eurostars Ramblas ,2012-03-22 12:18:57+00:00,C la Rambla,22,2,el Barri Gòtic,1,Ciutat Vella,8002,BARCELONA,Tel.,932703696,4,4311158447306620,4581060865982040,4137812148263090,217621833660705,3,2012
Hotel DO: Placa Reial ,2012-03-22 12:33:30+00:00,Pl Reial,1,2,el Barri Gòtic,1,Ciutat Vella,8002,BARCELONA,Tel.,934 813 666,5,43100716674329600,458127590386094,4138004895525320,2174894312160890,3,2012
Hotel Andante ,2012-08-09 11:42:18+00:00,Av Drassanes,23,1,el Raval,1,Ciutat Vella,8001,BARCELONA,Tel.,934412545,3,430813573701589,4580906327428810,4137670366639920,21726214959777000,8,2012
Gran Hotel La Florida ,2003-03-21 11:36:41+00:00,Ctra Vallvidrera al Tibidabo,83,22,"Vallvidrera, el Tibidabo i les Planes",5,Sarrià-Sant Gervasi,8035,BARCELONA,Tel.,932593000,5,4265579038869120,45863886800604496,41425703600600200,2121069773069240,3,2003
Hotel AC Sants ,2009-10-13 12:39:07+00:00,Pg Sant Antoni,36,18,Sants,3,Sants-Montjuïc,8014,BARCELONA,Tel.,934324512,4,42798238320632800,4581025683672410,4137753026646160,2138753603551990,10,2009
Aparthotel Aramunt ,2011-11-17 11:41:54+00:00,C Muntaner,60,8,l'Antiga Esquerra de l'Eixample,2,Eixample,8011,BARCELONA,Tel.,934510402,3,4297071772208550,4582051610022810,4138692296153260,21592589542910200,11,2011
Hotel The Level at Melia Barcelona Sky ,2013-06-12 15:54:32+00:00,C Lope de Vega,141,68,el Poblenou,10,Sant Martí,8005,BARCELONA,Tel.,933672080,5,43321851566931296,4584163940128690,41406247338733904,22010195187104500,6,2013
Hotel The Serras ,2015-02-12 11:05:11+00:00,Pg Colom,9,2,el Barri Gòtic,1,Ciutat Vella,8002,BARCELONA,Tel.,931691868,5,4315048509020620,4581287179852080,4138019303589600,21808444039450900,2,2015
Hotel Alma Barcelona ,2010-06-10 09:51:40+00:00,C Mallorca,269,7,la Dreta de l'Eixample,2,Eixample,8008,BARCELONA,Tel.,932164490,5,43005132270056000,4582893505879930,413945356332086,21632774766159900,6,2010
Hotel 4 Barcelona ,2010-08-10 09:23:00+00:00,C Doctor Trueta,164,68,el Poblenou,10,Sant Martí,8005,BARCELONA,Centraleta,933290954,4,43316714638893400,458305307495343,4139623780627730,220052762737597,8,2010
Hotel Eurostars BCN Design ,2008-07-03 11:02:58+00:00,Pg Gràcia,29,7,la Dreta de l'Eixample,2,Eixample,8007,BARCELONA,Tel.,933444555,5,4302818605459200,4582479682964890,4139082848697770,21660825151452300,7,2008
Hotel Ilunion Barcelona ,2008-03-19 12:29:01+00:00,C Ramon Turró,196,68,el Poblenou,10,Sant Martí,8005,BARCELONA,Tel.,932438800,4,4333435926183810,4583335290235300,4139879429127320,2202607059469980,3,2008
Hotel NH Diagonal Center ,2011-12-29 10:18:02+00:00,C Àlaba,94,66,el Parc i la Llacuna del Poblenou,10,Sant Martí,8018,BARCELONA,Tel.,933090629,3,4324694671290740,4583250870885350,41397961012262400,21921605345716700,12,2011
Hotel Bagues ,2010-08-30 11:55:37+00:00,C Rambla,105,1,el Raval,1,Ciutat Vella,8002,BARCELONA,Tel.,933435000,5,43073341834079104,4581587385764900,41382830858805000,21715851978752300,8,2010
Hotel ME Barcelona ,2021-10-28 09:04:23.206816+00:00,Carrer de Casp,1,7,la Dreta de l'Eixample,2,Eixample,8010,Barcelona,Tel.,93 277 94 18,5,43060719831482,4582272002813450,4138898611306410,21699973675495300,10,2021
Hotel Mandarin Oriental Barcelona ,2009-11-26 10:24:24+00:00,Pg Gràcia,38,7,la Dreta de l'Eixample,2,Eixample,8007,BARCELONA,Tel.,931518888,5,430330618063453,4582521116570680,4139120589068640,2166660891862410,11,2009
Hotel Cram ,2004-11-02 12:18:08+00:00,C Aribau,54,8,l'Antiga Esquerra de l'Eixample,2,Eixample,8011,BARCELONA,Tel.,932167700,4,4297690985923790,4582178889793690,413880747357833,2159984736019470,11,2004
Hotel Ronda Lesseps ,2005-10-27 08:01:34+00:00,C Ballester,77,28,Vallcarca i els Penitents,6,Gràcia,8023,BARCELONA,Tel.,932544300,4,4287787307310980,4584483794103950,41408747045341504,21478692995945400,10,2005
Hotel NH Entenza ,1998-03-10 23:00:00+00:00,C Equador,20,19,les Corts,4,Les Corts,8029,BARCELONA,Centraleta,934193636,3,4281389894896980,4581933299847630,41385718825476400,21405185976328400,3,1998
Hotel Sunotel Junior ,2004-10-27 14:17:08+00:00,Av Sarrià,9,9,la Nova Esquerra de l'Eixample,2,Eixample,8029,BARCELONA,Tel.,933633501,2,42871474979711104,4582385080561160,4138983907373860,2147350983819750,10,2004
Hotel Bestprice Gracia ,2016-05-11 12:50:44+00:00,C Martí,122,32,el Camp d'en Grassot i Gràcia Nova,6,Gràcia,8024,BARCELONA,Tel.,934614260,1,4298655421535390,4584584779346380,4140975214432510,2160859460290050,5,2016
Hotel Casa Camper Barcelona ,2005-01-19 10:58:48+00:00,C Elisabets,11,1,el Raval,1,Ciutat Vella,8001,BARCELONA,Tel.,933426280,4,43047679782440800,4581641762181540,4138329847544320,21685101370536400,1,2005
Hotel The Hoxton,2005-01-12 08:50:25+00:00,Av Diagonal,205,66,el Parc i la Llacuna del Poblenou,10,Sant Martí,8018,BARCELONA,Tel.,900818320,4,4323224214243450,4583915163376710,4140393173856840,21903273937000400,1,2005
Hotel Acevi Villarroel ,2004-09-29 10:00:25+00:00,C Villarroel,106,8,l'Antiga Esquerra de l'Eixample,2,Eixample,8011,BARCELONA,Centraleta,934520000,4,4294988062821440,4581880703647190,41385365431537504,2156786869481320,9,2004
Hotel La Casa del Sol ,2019-05-29 14:22:08+00:00,C Maspons,11,31,la Vila de Gràcia,6,Gràcia,8012,BARCELONA,Tel.,932753941,3,42948290906729200,4583643384447220,4140123987611910,2156391511471230,5,2019
Hotel Barcelona Princess ,2004-03-05 12:23:34+00:00,Avinguda Diagonal,1,69,Diagonal Mar i el Front Marítim del Poblenou,10,Sant Martí,8019,Barcelona,Tel.,933561000,4,43469052126972800,4584678690396700,4141100450901430,2218573600631510,3,2004
Hotel Omnium ,2018-08-16 07:13:09+00:00,C Bruc,42,7,la Dreta de l'Eixample,2,Eixample,8010,BARCELONA,Tel.,933172124,2,4308673248340640,4582584579061660,4139182378856560,2173072735813290,8,2018
Hotel chic&basic Zoo ,2018-08-16 09:03:27+00:00,Pg Picasso,22,4,"Sant Pere, Santa Caterina i la Ribera",1,Ciutat Vella,8003,BARCELONA,Tel.,932954652,1,43173393251971296,45820511424426704,4138709330231140,2183497724731480,8,2018
Hotel Occidental Barcelona 1929 ,2020-01-20 14:45:41+00:00,Carrer de la Creu Coberta,20,15,Hostafrancs,3,Sants-Montjuïc,8014,Barcelona,Reserves,936268844,3,4287263880258780,4580771282313450,41375305205605,21476799951129300,1,2020
Hotel Raval House ,2020-01-20 15:01:58+00:00,C Hospital,101,1,el Raval,1,Ciutat Vella,8001,BARCELONA,Tel.,933437167,3,43051550852333104,4581277365745970,4138001981371470,2169014849771570,1,2020
Hotel Chi ,2018-08-14 10:18:39+00:00,G.V. Corts Catalanes,455,9,la Nova Esquerra de l'Eixample,2,Eixample,8015,BARCELONA,Tel.,933257804,3,4292840965112680,4581205502192040,4137926527915930,21542979481893400,8,2018
Hotel Pulitzer ,2004-08-20 11:01:36+00:00,C Bergara,8,7,la Dreta de l'Eixample,2,Eixample,8002,BARCELONA,Tel.,934816767,4,4304684808396870,4581959070083260,4138615564886560,21683742623160800,8,2004
Hotel Praktik Essens ,2020-01-20 15:26:29+00:00,Pg Gràcia,24,7,la Dreta de l'Eixample,2,Eixample,8007,BARCELONA,Tel.,933428730,2,4304341290806220,4582408849687370,41390203699064704,2167911790980980,1,2020
Hotel AinB ,2015-07-30 16:25:08+00:00,C Muntaner,4,10,Sant Antoni,2,Eixample,8011,BARCELONA,Tel.,934395664,2,4300207552395930,4581730030226020,4138405393847890,2163046279909770,7,2015
Hotel Atlas ,2015-07-30 16:26:31+00:00,C Cardenal Casañas,11,2,el Barri Gòtic,1,Ciutat Vella,8002,BARCELONA,Tel.,933041889,3,43088519688459696,4581492994717190,4138199376010740,2173411024440060,7,2015
Hotel Bcn Urban Gran Rosellon ,2015-07-30 16:33:43+00:00,C Rosselló,174,8,l'Antiga Esquerra de l'Eixample,2,Eixample,8036,BARCELONA,Tel.,935480998,4,4294403016923200,4582636760257790,413921698393189,21559991450765700,7,2015
Hotel ICON BCN by Petite Palace ,2006-07-07 11:13:31+00:00,C Roger de Llúria,21,7,la Dreta de l'Eixample,2,Eixample,8010,BARCELONA,Tel.,933024717,4,43073356515178304,4582498556873570,41391037505589504,21714827736630400,7,2006
Hotel Vincci Mae ,2018-08-08 14:01:33+00:00,Av Diagonal,596,26,Sant Gervasi - Galvany,5,Sarrià-Sant Gervasi,8021,BARCELONA,Tel.,937076177,4,42860879374306400,4582780465681240,4139339076062830,2146037164829490,8,2018
Abac restaurant & hotel ,2008-02-20 11:37:51+00:00,Av Tibidabo,1,25,Sant Gervasi - la Bonanova,5,Sarrià-Sant Gervasi,8022,BARCELONA,Tel.,933196600,5,4278338748605270,4584708562712080,4141068716571450,2136538939015180,2,2008
Hotel Ibis Styles Barcelona Centre ,2018-08-16 07:44:31+00:00,C Provença,340,7,la Dreta de l'Eixample,2,Eixample,8037,BARCELONA,Tel.,934573587,2,43025796661771000,4583253816407770,4139779877488070,21657075901127300,8,2018
Hotel Brumell ,2018-08-20 07:26:36+00:00,C Nou de la Rambla,174,11,el Poble-sec,3,Sants-Montjuïc,8004,BARCELONA,Tel.,931258622,3,4302945428631290,4580353796716190,41371682397631904,21664787325847000,8,2018
Hotel Seventy ,2019-12-13 09:24:58+00:00,C Còrsega,344,7,la Dreta de l'Eixample,2,Eixample,8037,BARCELONA,Atenció al client,930 121 270,4,4299047410439760,458328271805282,4139802836842930,2161479199538440,12,2019
Hotel Occidental Diagonal 414 ,2022-05-24 10:28:00.690468+00:00,Avinguda Diagonal,414,7,la Dreta de l'Eixample,2,Eixample,8037,Barcelona,Tel.,93 208 90 00,4,430185092,4583287871,4139809916902940,21648319861554300,5,2022
Hotel Boutique 2015 ,2018-08-23 10:37:52+00:00,Rda Universitat,9,7,la Dreta de l'Eixample,2,Eixample,8007,BARCELONA,Centraleta,932157255,2,43022635318689504,4581990300728620,4138641596849560,21654750128093800,8,2018
Hotel Pullman Barcelona Skipper ,2006-10-06 10:37:55+00:00,Av Litoral,10,3,la Barceloneta,1,Ciutat Vella,8005,BARCELONA,Tel.,932216565,5,4326741344051650,45819271028416096,4138605535022610,21947558032935200,10,2006
Hotel Barcelo Sants ,1992-06-11 22:00:00+00:00,Pl Països Catalans,1,18,Sants,3,Sants-Montjuïc,8014,BARCELONA,Centraleta,935035300,4,4281572394584260,4581248971530160,41379556967903904,21408179856438900,6,1992
Hotel Kimpton Vividora ,2020-03-06 13:45:02+00:00,C Duc,15,2,el Barri Gòtic,1,Ciutat Vella,8002,BARCELONA,Tel.,936 425 400,5,4308474631891080,4581796310749300,4138472239336670,2172925170937130,3,2020
Hotel chic&basic Born Boutique ,2005-09-01 11:41:58+00:00,C Princesa,50,4,"Sant Pere, Santa Caterina i la Ribera",1,Ciutat Vella,8003,BARCELONA,Tel.,932954652,3,43165358930630200,4582023560695580,41386838059129200,2182539978196900,9,2005
Ayre Hotel Gran Via ,2007-11-29 10:36:16+00:00,G.V. Corts Catalanes,322,14,la Font de la Guatlla,3,Sants-Montjuïc,8004,BARCELONA,Tel.,933675500,4,42869293239722200,4580554230425300,41373347331028096,21473054927581200,11,2007
Hotel The Barcelona Edition ,2018-09-25 10:22:56+00:00,Av Francesc Cambó,14,4,"Sant Pere, Santa Caterina i la Ribera",1,Ciutat Vella,8003,BARCELONA,Tel.,936263330,5,43125221122577200,4581936461464150,41386019379559104,2177749636087510,9,2018
Hotel Well & Come ,2018-08-10 13:34:42+00:00,C Girona,158,7,la Dreta de l'Eixample,2,Eixample,8037,BARCELONA,Tel.,937379799,4,43025151864891000,4583405581926070,41399165115522896,2165612980595930,8,2018
Hotel Catalonia Sagrada Familia ,1998-03-27 23:00:00+00:00,C Aragó,569,64,el Camp de l'Arpa del Clot,10,Sant Martí,8026,BARCELONA,Centraleta,932458905,3,4318802046387840,4584319042349310,4140753200245410,2184991910728200,3,1998
Hotel Roger de Lluria ,1996-05-08 22:00:00+00:00,C Roger de Llúria,28,7,la Dreta de l'Eixample,2,Eixample,8010,BARCELONA,Tel.,933436080,4,4307581719112300,4582505327812550,4139110060804090,2171776299153130,5,1996
Aparthotel Duquesa Suites ,2016-10-21 07:35:09+00:00,Pl Antonio López,5,2,el Barri Gòtic,1,Ciutat Vella,8002,BARCELONA,Tel.,937379125,4,4315592323518290,4581392807832130,41381149025191800,21814827761745200,10,2016
We Boutique Hotel ,2015-07-23 08:43:32+00:00,Rda Sant Pere,70,7,la Dreta de l'Eixample,2,Eixample,8010,BARCELONA,Tel.,932503991,3,4313579160824920,4582503740950320,4139113772377420,21789495014205900,7,2015
Hotel Niu Barcelona ,2017-10-25 11:14:13+00:00,Rbla Raval,8,1,el Raval,1,Ciutat Vella,8001,BARCELONA,Tel.,936550255,3,43049246077478200,4581144945033740,4137882515023720,2168754430325620,10,2017
Hotel Sofia ,2017-11-13 11:01:26+00:00,Pl Pius XII,4,20,la Maternitat i Sant Ramon,4,Les Corts,8028,BARCELONA,Centraleta,935081000,5,426685834591996,4582041206482650,41386559574036200,2123127261001390,11,2017
Hotel Teatre Auditori ,2011-02-11 10:56:25+00:00,C Ribes,71,5,el Fort Pienc,2,Eixample,8013,BARCELONA,Tel.,932456485,3,43179305165700096,4583472178590910,4139989717267380,2184044711655810,2,2011
Hotel Sant Antoni ,2011-02-11 11:31:45+00:00,C Consell de Cent,476,5,el Fort Pienc,2,Eixample,8013,BARCELONA,Tel.,932444415,3,4312435319973840,4583467114529030,41399804759362896,2177472066279760,2,2011
Hotel Catalonia Passeig de Gracia ,2013-06-12 14:56:37+00:00,G.V. Corts Catalanes,644,7,la Dreta de l'Eixample,2,Eixample,8007,BARCELONA,Tel.,932702735,4,43058275563702600,4582404092764330,413901736959137,2169689902208780,6,2013
Musik Boutique Hotel ,2012-08-10 07:18:15+00:00,C Sant Pere Més Baix,62,4,"Sant Pere, Santa Caterina i la Ribera",1,Ciutat Vella,8003,BARCELONA,Tel.,932225544,3,43131042461408000,4582160816286700,4138804504980160,21784203838118900,8,2012
Hotel Paxton Barcelona ,2022-05-24 10:39:28.325472+00:00,Carrer de Llull,156,68,el Poblenou,10,Sant Martí,8005,Barcelona,Centraleta,934 45 49 90,4,433144743,4583404429,41399400496975104,22002208616410200,5,2022
Hotel Dalia Ramblas ,2013-01-28 12:02:16+00:00,C Sant Pau,22,1,el Raval,1,Ciutat Vella,8001,BARCELONA,Tel.,934120718,3,430837060394172,4581290740681360,4138016798202280,21728584699115500,1,2013
Hotel H Top BCN City ,2014-10-17 07:52:03+00:00,Trav Gràcia,380,33,el Baix Guinardó,7,Horta-Guinardó,8025,BARCELONA,Tel.,934360146,2,43089901408905,4584713076308150,41410997183323904,2173208786996880,10,2014
Aparthotel Mayerling Abamita ,2018-08-16 07:38:03+00:00,C Ausiàs Marc,25,7,la Dreta de l'Eixample,2,Eixample,8010,BARCELONA,Tel.,637834836,2,4310347792232620,4582503159890240,4139110484766710,2175084805023440,8,2018
Hotel Jaume I ,2018-08-16 08:26:11+00:00,C Jaume I,11,2,el Barri Gòtic,1,Ciutat Vella,8002,BARCELONA,Tel.,932693074,1,4312609532011830,4581640874350550,4138335786031790,21778877184083900,8,2018
Hotel Boutique Mirlo Barcelona  ,2021-10-11 10:09:27.266506+00:00,Avinguda del Tibidabo,32,25,Sant Gervasi - la Bonanova,5,Sarrià-Sant Gervasi,8022,Barcelona,Tel.,93 142 59 29,5,42769082447885,4585031525217960,4141358309122100,21347889441149400,10,2021
Hotel Antiga Casa Buenavista,2022-07-19 10:42:14.284703+00:00,Ronda de Sant Antoni,84,1,el Raval,1,Ciutat Vella,8001,Barcelona,Tel.,93 3303030,4,430098095,4581697297,4138376584459590,2163974947423500,7,2022
